PER_REF_NO,GROUP,FIELD,VALUE,ITEM_TYPE,NEW_GROUP
00103,Life Assurance,Life Assurance,1,PERSON,P
00108,Life Assurance,Life Assurance,1,PERSON,P
00120,Life Assurance,Life Assurance,2,PERSON,P
00123,Life Assurance,Life Assurance,2,PERSON,P
00145,Life Assurance,Life Assurance,2,PERSON,P
00151,Life Assurance,Life Assurance,1,PERSON,P
00167,Life Assurance,Life Assurance,2,PERSON,P
00182,Life Assurance,Life Assurance,1,PERSON,P
00209,Life Assurance,Life Assurance,1,PERSON,P
00218,Life Assurance,Life Assurance,1,PERSON,P
00232,Life Assurance,Life Assurance,1,PERSON,P
00245,Life Assurance,Life Assurance,2,PERSON,P
00302,Life Assurance,Life Assurance,1,PERSON,P
00304,Life Assurance,Life Assurance,1,PERSON,P
00332,Life Assurance,Life Assurance,1,PERSON,P
00335,Life Assurance,Life Assurance,2,PERSON,P
00415,Life Assurance,Life Assurance,1,PERSON,P
00424,Life Assurance,Life Assurance,1,PERSON,P
00448,Life Assurance,Life Assurance,1,PERSON,P
00469,Life Assurance,Life Assurance,1,PERSON,P
01153,Life Assurance,Life Assurance,1,PERSON,P
01217,Life Assurance,Life Assurance,1,PERSON,P
01280,Life Assurance,Life Assurance,1,PERSON,P
01334,Life Assurance,Life Assurance,1,PERSON,P
01468,Life Assurance,Life Assurance,2,PERSON,P
01510,Life Assurance,Life Assurance,2,PERSON,P
01521,Life Assurance,Life Assurance,2,PERSON,P
01533,Life Assurance,Life Assurance,2,PERSON,P
01622,Life Assurance,Life Assurance,1,PERSON,P
01643,Life Assurance,Life Assurance,1,PERSON,P
01680,Life Assurance,Life Assurance,2,PERSON,P
01738,Life Assurance,Life Assurance,2,PERSON,P
01788,Life Assurance,Life Assurance,1,PERSON,P
01928,Life Assurance,Life Assurance,1,PERSON,P
01929,Life Assurance,Life Assurance,2,PERSON,P
01946,Life Assurance,Life Assurance,1,PERSON,P
01953,Life Assurance,Life Assurance,2,PERSON,P
01965,Life Assurance,Life Assurance,2,PERSON,P
01991,Life Assurance,Life Assurance,1,PERSON,P
02028,Life Assurance,Life Assurance,1,PERSON,P
02158,Life Assurance,Life Assurance,1,PERSON,P
02165,Life Assurance,Life Assurance,1,PERSON,P
02179,Life Assurance,Life Assurance,2,PERSON,P
02218,Life Assurance,Life Assurance,1,PERSON,P
02225,Life Assurance,Life Assurance,2,PERSON,P
02362,Life Assurance,Life Assurance,1,PERSON,P
02369,Life Assurance,Life Assurance,2,PERSON,P
02371,Life Assurance,Life Assurance,1,PERSON,P
02398,Life Assurance,Life Assurance,2,PERSON,P
02433,Life Assurance,Life Assurance,1,PERSON,P
02447,Life Assurance,Life Assurance,2,PERSON,P
02456,Life Assurance,Life Assurance,1,PERSON,P
02493,Life Assurance,Life Assurance,1,PERSON,P
02497,Life Assurance,Life Assurance,2,PERSON,P
02567,Life Assurance,Life Assurance,1,PERSON,P
02596,Life Assurance,Life Assurance,1,PERSON,P
02600,Life Assurance,Life Assurance,2,PERSON,P
02650,Life Assurance,Life Assurance,2,PERSON,P
02705,Life Assurance,Life Assurance,1,PERSON,P
02713,Life Assurance,Life Assurance,2,PERSON,P
02749,Life Assurance,Life Assurance,1,PERSON,P
02759,Life Assurance,Life Assurance,2,PERSON,P
02781,Life Assurance,Life Assurance,2,PERSON,P
02790,Life Assurance,Life Assurance,2,PERSON,P
02814,Life Assurance,Life Assurance,1,PERSON,P
02823,Life Assurance,Life Assurance,1,PERSON,P
02842,Life Assurance,Life Assurance,2,PERSON,P
02865,Life Assurance,Life Assurance,2,PERSON,P
02891,Life Assurance,Life Assurance,1,PERSON,P
02920,Life Assurance,Life Assurance,1,PERSON,P
02948,Life Assurance,Life Assurance,1,PERSON,P
02960,Life Assurance,Life Assurance,1,PERSON,P
03011,Life Assurance,Life Assurance,2,PERSON,P
03012,Life Assurance,Life Assurance,1,PERSON,P
03018,Life Assurance,Life Assurance,1,PERSON,P
03022,Life Assurance,Life Assurance,2,PERSON,P
03048,Life Assurance,Life Assurance,1,PERSON,P
03072,Life Assurance,Life Assurance,2,PERSON,P
03080,Life Assurance,Life Assurance,1,PERSON,P
03081,Life Assurance,Life Assurance,1,PERSON,P
03118,Life Assurance,Life Assurance,1,PERSON,P
03122,Life Assurance,Life Assurance,1,PERSON,P
03143,Life Assurance,Life Assurance,1,PERSON,P
03158,Life Assurance,Life Assurance,2,PERSON,P
03172,Life Assurance,Life Assurance,1,PERSON,P
03205,Life Assurance,Life Assurance,2,PERSON,P
03214,Life Assurance,Life Assurance,1,PERSON,P
03268,Life Assurance,Life Assurance,2,PERSON,P
03270,Life Assurance,Life Assurance,2,PERSON,P
03303,Life Assurance,Life Assurance,1,PERSON,P
03305,Life Assurance,Life Assurance,2,PERSON,P
03327,Life Assurance,Life Assurance,1,PERSON,P
03336,Life Assurance,Life Assurance,1,PERSON,P
03337,Life Assurance,Life Assurance,1,PERSON,P
03362,Life Assurance,Life Assurance,1,PERSON,P
03394,Life Assurance,Life Assurance,1,PERSON,P
03403,Life Assurance,Life Assurance,1,PERSON,P
03413,Life Assurance,Life Assurance,1,PERSON,P
03438,Life Assurance,Life Assurance,2,PERSON,P
03452,Life Assurance,Life Assurance,2,PERSON,P
03455,Life Assurance,Life Assurance,1,PERSON,P
03459,Life Assurance,Life Assurance,1,PERSON,P
03484,Life Assurance,Life Assurance,2,PERSON,P
03506,Life Assurance,Life Assurance,1,PERSON,P
03513,Life Assurance,Life Assurance,1,PERSON,P
03539,Life Assurance,Life Assurance,1,PERSON,P
03540,Life Assurance,Life Assurance,1,PERSON,P
03545,Life Assurance,Life Assurance,1,PERSON,P
03565,Life Assurance,Life Assurance,2,PERSON,P
03603,Life Assurance,Life Assurance,1,PERSON,P
03608,Life Assurance,Life Assurance,2,PERSON,P
03619,Life Assurance,Life Assurance,1,PERSON,P
03636,Life Assurance,Life Assurance,1,PERSON,P
03643,Life Assurance,Life Assurance,2,PERSON,P
03654,Life Assurance,Life Assurance,2,PERSON,P
03660,Life Assurance,Life Assurance,1,PERSON,P
03666,Life Assurance,Life Assurance,1,PERSON,P
03673,Life Assurance,Life Assurance,2,PERSON,P
03674,Life Assurance,Life Assurance,2,PERSON,P
03690,Life Assurance,Life Assurance,1,PERSON,P
03697,Life Assurance,Life Assurance,1,PERSON,P
03706,Life Assurance,Life Assurance,1,PERSON,P
03718,Life Assurance,Life Assurance,2,PERSON,P
03731,Life Assurance,Life Assurance,2,PERSON,P
03768,Life Assurance,Life Assurance,1,PERSON,P
03769,Life Assurance,Life Assurance,2,PERSON,P
03772,Life Assurance,Life Assurance,2,PERSON,P
03820,Life Assurance,Life Assurance,2,PERSON,P
03822,Life Assurance,Life Assurance,1,PERSON,P
03830,Life Assurance,Life Assurance,2,PERSON,P
03836,Life Assurance,Life Assurance,2,PERSON,P
03858,Life Assurance,Life Assurance,2,PERSON,P
03863,Life Assurance,Life Assurance,2,PERSON,P
03874,Life Assurance,Life Assurance,1,PERSON,P
03887,Life Assurance,Life Assurance,2,PERSON,P
03900,Life Assurance,Life Assurance,2,PERSON,P
03914,Life Assurance,Life Assurance,2,PERSON,P
03915,Life Assurance,Life Assurance,1,PERSON,P
03916,Life Assurance,Life Assurance,1,PERSON,P
03926,Life Assurance,Life Assurance,2,PERSON,P
03930,Life Assurance,Life Assurance,2,PERSON,P
03938,Life Assurance,Life Assurance,2,PERSON,P
03955,Life Assurance,Life Assurance,2,PERSON,P
03956,Life Assurance,Life Assurance,2,PERSON,P
03959,Life Assurance,Life Assurance,2,PERSON,P
03970,Life Assurance,Life Assurance,1,PERSON,P
03981,Life Assurance,Life Assurance,1,PERSON,P
03984,Life Assurance,Life Assurance,2,PERSON,P
03997,Life Assurance,Life Assurance,2,PERSON,P
03998,Life Assurance,Life Assurance,1,PERSON,P
04012,Life Assurance,Life Assurance,1,PERSON,P
04017,Life Assurance,Life Assurance,1,PERSON,P
04019,Life Assurance,Life Assurance,2,PERSON,P
04025,Life Assurance,Life Assurance,2,PERSON,P
04033,Life Assurance,Life Assurance,2,PERSON,P
04041,Life Assurance,Life Assurance,2,PERSON,P
04049,Life Assurance,Life Assurance,2,PERSON,P
04053,Life Assurance,Life Assurance,2,PERSON,P
04058,Life Assurance,Life Assurance,2,PERSON,P
04065,Life Assurance,Life Assurance,1,PERSON,P
04066,Life Assurance,Life Assurance,1,PERSON,P
04070,Life Assurance,Life Assurance,1,PERSON,P
04090,Life Assurance,Life Assurance,2,PERSON,P
04096,Life Assurance,Life Assurance,2,PERSON,P
04102,Life Assurance,Life Assurance,2,PERSON,P
04105,Life Assurance,Life Assurance,2,PERSON,P
04108,Life Assurance,Life Assurance,1,PERSON,P
04110,Life Assurance,Life Assurance,2,PERSON,P
04115,Life Assurance,Life Assurance,2,PERSON,P
04125,Life Assurance,Life Assurance,2,PERSON,P
04137,Life Assurance,Life Assurance,1,PERSON,P
04141,Life Assurance,Life Assurance,2,PERSON,P
04144,Life Assurance,Life Assurance,1,PERSON,P
04147,Life Assurance,Life Assurance,1,PERSON,P
04153,Life Assurance,Life Assurance,2,PERSON,P
04156,Life Assurance,Life Assurance,2,PERSON,P
04157,Life Assurance,Life Assurance,1,PERSON,P
04161,Life Assurance,Life Assurance,2,PERSON,P
04166,Life Assurance,Life Assurance,2,PERSON,P
04180,Life Assurance,Life Assurance,1,PERSON,P
04190,Life Assurance,Life Assurance,1,PERSON,P
04195,Life Assurance,Life Assurance,2,PERSON,P
04198,Life Assurance,Life Assurance,1,PERSON,P
04211,Life Assurance,Life Assurance,2,PERSON,P
04578,Life Assurance,Life Assurance,2,PERSON,P
05013,Life Assurance,Life Assurance,2,PERSON,P
05047,Life Assurance,Life Assurance,2,PERSON,P
05066,Life Assurance,Life Assurance,1,PERSON,P
05070,Life Assurance,Life Assurance,2,PERSON,P
05074,Life Assurance,Life Assurance,2,PERSON,P
05077,Life Assurance,Life Assurance,2,PERSON,P
05079,Life Assurance,Life Assurance,1,PERSON,P
05112,Life Assurance,Life Assurance,2,PERSON,P
05114,Life Assurance,Life Assurance,2,PERSON,P
05131,Life Assurance,Life Assurance,1,PERSON,P
05148,Life Assurance,Life Assurance,2,PERSON,P
05156,Life Assurance,Life Assurance,1,PERSON,P
05165,Life Assurance,Life Assurance,1,PERSON,P
05171,Life Assurance,Life Assurance,1,PERSON,P
05178,Life Assurance,Life Assurance,1,PERSON,P
05180,Life Assurance,Life Assurance,1,PERSON,P
05181,Life Assurance,Life Assurance,2,PERSON,P
05187,Life Assurance,Life Assurance,2,PERSON,P
05204,Life Assurance,Life Assurance,2,PERSON,P
05245,Life Assurance,Life Assurance,2,PERSON,P
05249,Life Assurance,Life Assurance,2,PERSON,P
05251,Life Assurance,Life Assurance,2,PERSON,P
05253,Life Assurance,Life Assurance,2,PERSON,P
05257,Life Assurance,Life Assurance,2,PERSON,P
05261,Life Assurance,Life Assurance,2,PERSON,P
05270,Life Assurance,Life Assurance,1,PERSON,P
05277,Life Assurance,Life Assurance,2,PERSON,P
05279,Life Assurance,Life Assurance,1,PERSON,P
05280,Life Assurance,Life Assurance,2,PERSON,P
05281,Life Assurance,Life Assurance,1,PERSON,P
05285,Life Assurance,Life Assurance,1,PERSON,P
05290,Life Assurance,Life Assurance,2,PERSON,P
05295,Life Assurance,Life Assurance,1,PERSON,P
05301,Life Assurance,Life Assurance,1,PERSON,P
05306,Life Assurance,Life Assurance,2,PERSON,P
05317,Life Assurance,Life Assurance,1,PERSON,P
05318,Life Assurance,Life Assurance,1,PERSON,P
05325,Life Assurance,Life Assurance,1,PERSON,P
05338,Life Assurance,Life Assurance,2,PERSON,P
05339,Life Assurance,Life Assurance,2,PERSON,P
05340,Life Assurance,Life Assurance,1,PERSON,P
05348,Life Assurance,Life Assurance,2,PERSON,P
05356,Life Assurance,Life Assurance,2,PERSON,P
05357,Life Assurance,Life Assurance,2,PERSON,P
05362,Life Assurance,Life Assurance,2,PERSON,P
05365,Life Assurance,Life Assurance,2,PERSON,P
05366,Life Assurance,Life Assurance,1,PERSON,P
05368,Life Assurance,Life Assurance,2,PERSON,P
05369,Life Assurance,Life Assurance,2,PERSON,P
05372,Life Assurance,Life Assurance,2,PERSON,P
05375,Life Assurance,Life Assurance,1,PERSON,P
05387,Life Assurance,Life Assurance,1,PERSON,P
05417,Life Assurance,Life Assurance,1,PERSON,P
05430,Life Assurance,Life Assurance,1,PERSON,P
05434,Life Assurance,Life Assurance,2,PERSON,P
05436,Life Assurance,Life Assurance,1,PERSON,P
05444,Life Assurance,Life Assurance,2,PERSON,P
05455,Life Assurance,Life Assurance,1,PERSON,P
05470,Life Assurance,Life Assurance,2,PERSON,P
05479,Life Assurance,Life Assurance,2,PERSON,P
05484,Life Assurance,Life Assurance,3,PERSON,P
05499,Life Assurance,Life Assurance,2,PERSON,P
05503,Life Assurance,Life Assurance,2,PERSON,P
05504,Life Assurance,Life Assurance,1,PERSON,P
05514,Life Assurance,Life Assurance,2,PERSON,P
05518,Life Assurance,Life Assurance,2,PERSON,P
05519,Life Assurance,Life Assurance,2,PERSON,P
05529,Life Assurance,Life Assurance,1,PERSON,P
05532,Life Assurance,Life Assurance,2,PERSON,P
05537,Life Assurance,Life Assurance,2,PERSON,P
05541,Life Assurance,Life Assurance,2,PERSON,P
05542,Life Assurance,Life Assurance,2,PERSON,P
05543,Life Assurance,Life Assurance,1,PERSON,P
05546,Life Assurance,Life Assurance,2,PERSON,P
05549,Life Assurance,Life Assurance,1,PERSON,P
05556,Life Assurance,Life Assurance,2,PERSON,P
05557,Life Assurance,Life Assurance,2,PERSON,P
05568,Life Assurance,Life Assurance,2,PERSON,P
05569,Life Assurance,Life Assurance,2,PERSON,P
05572,Life Assurance,Life Assurance,2,PERSON,P
05573,Life Assurance,Life Assurance,2,PERSON,P
05577,Life Assurance,Life Assurance,1,PERSON,P
05589,Life Assurance,Life Assurance,2,PERSON,P
05608,Life Assurance,Life Assurance,2,PERSON,P
05612,Life Assurance,Life Assurance,1,PERSON,P
05614,Life Assurance,Life Assurance,1,PERSON,P
05615,Life Assurance,Life Assurance,2,PERSON,P
05616,Life Assurance,Life Assurance,2,PERSON,P
05618,Life Assurance,Life Assurance,1,PERSON,P
05619,Life Assurance,Life Assurance,2,PERSON,P
05620,Life Assurance,Life Assurance,2,PERSON,P
05621,Life Assurance,Life Assurance,2,PERSON,P
05622,Life Assurance,Life Assurance,1,PERSON,P
05630,Life Assurance,Life Assurance,2,PERSON,P
05631,Life Assurance,Life Assurance,1,PERSON,P
05645,Life Assurance,Life Assurance,1,PERSON,P
05649,Life Assurance,Life Assurance,1,PERSON,P
05650,Life Assurance,Life Assurance,1,PERSON,P
05651,Life Assurance,Life Assurance,1,PERSON,P
05653,Life Assurance,Life Assurance,2,PERSON,P
05657,Life Assurance,Life Assurance,2,PERSON,P
05661,Life Assurance,Life Assurance,2,PERSON,P
05663,Life Assurance,Life Assurance,2,PERSON,P
05671,Life Assurance,Life Assurance,1,PERSON,P
05678,Life Assurance,Life Assurance,2,PERSON,P
05679,Life Assurance,Life Assurance,2,PERSON,P
05682,Life Assurance,Life Assurance,2,PERSON,P
05683,Life Assurance,Life Assurance,1,PERSON,P
05688,Life Assurance,Life Assurance,2,PERSON,P
05695,Life Assurance,Life Assurance,1,PERSON,P
05700,Life Assurance,Life Assurance,2,PERSON,P
05705,Life Assurance,Life Assurance,1,PERSON,P
05708,Life Assurance,Life Assurance,2,PERSON,P
05712,Life Assurance,Life Assurance,2,PERSON,P
05714,Life Assurance,Life Assurance,1,PERSON,P
05720,Life Assurance,Life Assurance,2,PERSON,P
05727,Life Assurance,Life Assurance,2,PERSON,P
05729,Life Assurance,Life Assurance,2,PERSON,P
05730,Life Assurance,Life Assurance,2,PERSON,P
05731,Life Assurance,Life Assurance,2,PERSON,P
05733,Life Assurance,Life Assurance,2,PERSON,P
05737,Life Assurance,Life Assurance,2,PERSON,P
05745,Life Assurance,Life Assurance,1,PERSON,P
05753,Life Assurance,Life Assurance,1,PERSON,P
05771,Life Assurance,Life Assurance,2,PERSON,P
05773,Life Assurance,Life Assurance,2,PERSON,P
05776,Life Assurance,Life Assurance,2,PERSON,P
05777,Life Assurance,Life Assurance,1,PERSON,P
05778,Life Assurance,Life Assurance,1,PERSON,P
05779,Life Assurance,Life Assurance,2,PERSON,P
05803,Life Assurance,Life Assurance,2,PERSON,P
05816,Life Assurance,Life Assurance,1,PERSON,P
05821,Life Assurance,Life Assurance,2,PERSON,P
05827,Life Assurance,Life Assurance,2,PERSON,P
05828,Life Assurance,Life Assurance,2,PERSON,P
05830,Life Assurance,Life Assurance,2,PERSON,P
05831,Life Assurance,Life Assurance,1,PERSON,P
05840,Life Assurance,Life Assurance,1,PERSON,P
05843,Life Assurance,Life Assurance,1,PERSON,P
05847,Life Assurance,Life Assurance,2,PERSON,P
05848,Life Assurance,Life Assurance,2,PERSON,P
05860,Life Assurance,Life Assurance,2,PERSON,P
05862,Life Assurance,Life Assurance,2,PERSON,P
05864,Life Assurance,Life Assurance,1,PERSON,P
05867,Life Assurance,Life Assurance,1,PERSON,P
05877,Life Assurance,Life Assurance,2,PERSON,P
05878,Life Assurance,Life Assurance,1,PERSON,P
05886,Life Assurance,Life Assurance,1,PERSON,P
05893,Life Assurance,Life Assurance,1,PERSON,P
05897,Life Assurance,Life Assurance,2,PERSON,P
05898,Life Assurance,Life Assurance,2,PERSON,P
05899,Life Assurance,Life Assurance,2,PERSON,P
05900,Life Assurance,Life Assurance,1,PERSON,P
05909,Life Assurance,Life Assurance,2,PERSON,P
05913,Life Assurance,Life Assurance,2,PERSON,P
05914,Life Assurance,Life Assurance,2,PERSON,P
05916,Life Assurance,Life Assurance,2,PERSON,P
05919,Life Assurance,Life Assurance,2,PERSON,P
05920,Life Assurance,Life Assurance,1,PERSON,P
05921,Life Assurance,Life Assurance,2,PERSON,P
05925,Life Assurance,Life Assurance,2,PERSON,P
05926,Life Assurance,Life Assurance,1,PERSON,P
05930,Life Assurance,Life Assurance,2,PERSON,P
05934,Life Assurance,Life Assurance,1,PERSON,P
05949,Life Assurance,Life Assurance,2,PERSON,P
05951,Life Assurance,Life Assurance,1,PERSON,P
05952,Life Assurance,Life Assurance,2,PERSON,P
05956,Life Assurance,Life Assurance,1,PERSON,P
05960,Life Assurance,Life Assurance,2,PERSON,P
05966,Life Assurance,Life Assurance,2,PERSON,P
05968,Life Assurance,Life Assurance,1,PERSON,P
05969,Life Assurance,Life Assurance,1,PERSON,P
05976,Life Assurance,Life Assurance,2,PERSON,P
05982,Life Assurance,Life Assurance,1,PERSON,P
05989,Life Assurance,Life Assurance,1,PERSON,P
05991,Life Assurance,Life Assurance,3,PERSON,P
05992,Life Assurance,Life Assurance,2,PERSON,P
05995,Life Assurance,Life Assurance,2,PERSON,P
05996,Life Assurance,Life Assurance,1,PERSON,P
05998,Life Assurance,Life Assurance,2,PERSON,P
06002,Life Assurance,Life Assurance,1,PERSON,P
06004,Life Assurance,Life Assurance,1,PERSON,P
06005,Life Assurance,Life Assurance,2,PERSON,P
06010,Life Assurance,Life Assurance,1,PERSON,P
06011,Life Assurance,Life Assurance,1,PERSON,P
06016,Life Assurance,Life Assurance,2,PERSON,P
06029,Life Assurance,Life Assurance,2,PERSON,P
06030,Life Assurance,Life Assurance,2,PERSON,P
06031,Life Assurance,Life Assurance,1,PERSON,P
06034,Life Assurance,Life Assurance,2,PERSON,P
06037,Life Assurance,Life Assurance,1,PERSON,P
06039,Life Assurance,Life Assurance,2,PERSON,P
06040,Life Assurance,Life Assurance,2,PERSON,P
06048,Life Assurance,Life Assurance,2,PERSON,P
06049,Life Assurance,Life Assurance,2,PERSON,P
06050,Life Assurance,Life Assurance,1,PERSON,P
06052,Life Assurance,Life Assurance,2,PERSON,P
06053,Life Assurance,Life Assurance,2,PERSON,P
06055,Life Assurance,Life Assurance,1,PERSON,P
06058,Life Assurance,Life Assurance,2,PERSON,P
06066,Life Assurance,Life Assurance,2,PERSON,P
06067,Life Assurance,Life Assurance,2,PERSON,P
06070,Life Assurance,Life Assurance,2,PERSON,P
06072,Life Assurance,Life Assurance,2,PERSON,P
06073,Life Assurance,Life Assurance,2,PERSON,P
06074,Life Assurance,Life Assurance,2,PERSON,P
06076,Life Assurance,Life Assurance,2,PERSON,P
06091,Life Assurance,Life Assurance,2,PERSON,P
06093,Life Assurance,Life Assurance,2,PERSON,P
06094,Life Assurance,Life Assurance,2,PERSON,P
06095,Life Assurance,Life Assurance,2,PERSON,P
06096,Life Assurance,Life Assurance,2,PERSON,P
06099,Life Assurance,Life Assurance,2,PERSON,P
06104,Life Assurance,Life Assurance,2,PERSON,P
06105,Life Assurance,Life Assurance,2,PERSON,P
06106,Life Assurance,Life Assurance,2,PERSON,P
06107,Life Assurance,Life Assurance,2,PERSON,P
06108,Life Assurance,Life Assurance,2,PERSON,P
06109,Life Assurance,Life Assurance,2,PERSON,P
06111,Life Assurance,Life Assurance,2,PERSON,P
06112,Life Assurance,Life Assurance,2,PERSON,P
06114,Life Assurance,Life Assurance,2,PERSON,P
06116,Life Assurance,Life Assurance,2,PERSON,P
06123,Life Assurance,Life Assurance,2,PERSON,P
06126,Life Assurance,Life Assurance,2,PERSON,P
06133,Life Assurance,Life Assurance,2,PERSON,P
06137,Life Assurance,Life Assurance,2,PERSON,P
06138,Life Assurance,Life Assurance,2,PERSON,P
06143,Life Assurance,Life Assurance,2,PERSON,P
06145,Life Assurance,Life Assurance,2,PERSON,P
06153,Life Assurance,Life Assurance,2,PERSON,P
06155,Life Assurance,Life Assurance,2,PERSON,P
06156,Life Assurance,Life Assurance,2,PERSON,P
06166,Life Assurance,Life Assurance,2,PERSON,P
06169,Life Assurance,Life Assurance,2,PERSON,P
06172,Life Assurance,Life Assurance,2,PERSON,P
06173,Life Assurance,Life Assurance,2,PERSON,P
06174,Life Assurance,Life Assurance,2,PERSON,P
06176,Life Assurance,Life Assurance,2,PERSON,P
06186,Life Assurance,Life Assurance,2,PERSON,P
06188,Life Assurance,Life Assurance,2,PERSON,P
06189,Life Assurance,Life Assurance,2,PERSON,P
06194,Life Assurance,Life Assurance,2,PERSON,P
06198,Life Assurance,Life Assurance,2,PERSON,P
06205,Life Assurance,Life Assurance,2,PERSON,P
06210,Life Assurance,Life Assurance,2,PERSON,P
06214,Life Assurance,Life Assurance,2,PERSON,P
06216,Life Assurance,Life Assurance,2,PERSON,P
06220,Life Assurance,Life Assurance,2,PERSON,P
06221,Life Assurance,Life Assurance,2,PERSON,P
06226,Life Assurance,Life Assurance,2,PERSON,P
06227,Life Assurance,Life Assurance,2,PERSON,P
06230,Life Assurance,Life Assurance,2,PERSON,P
06235,Life Assurance,Life Assurance,2,PERSON,P
06238,Life Assurance,Life Assurance,2,PERSON,P
06239,Life Assurance,Life Assurance,2,PERSON,P
06244,Life Assurance,Life Assurance,2,PERSON,P
06247,Life Assurance,Life Assurance,2,PERSON,P
06248,Life Assurance,Life Assurance,2,PERSON,P
06251,Life Assurance,Life Assurance,2,PERSON,P
06252,Life Assurance,Life Assurance,2,PERSON,P
06257,Life Assurance,Life Assurance,2,PERSON,P
06268,Life Assurance,Life Assurance,2,PERSON,P
06269,Life Assurance,Life Assurance,2,PERSON,P
06271,Life Assurance,Life Assurance,2,PERSON,P
06277,Life Assurance,Life Assurance,2,PERSON,P
06280,Life Assurance,Life Assurance,2,PERSON,P
06282,Life Assurance,Life Assurance,2,PERSON,P
06284,Life Assurance,Life Assurance,2,PERSON,P
06285,Life Assurance,Life Assurance,2,PERSON,P
06286,Life Assurance,Life Assurance,2,PERSON,P
06288,Life Assurance,Life Assurance,2,PERSON,P
06289,Life Assurance,Life Assurance,2,PERSON,P
06290,Life Assurance,Life Assurance,2,PERSON,P
06294,Life Assurance,Life Assurance,2,PERSON,P
06297,Life Assurance,Life Assurance,2,PERSON,P
06298,Life Assurance,Life Assurance,2,PERSON,P
06299,Life Assurance,Life Assurance,2,PERSON,P
06300,Life Assurance,Life Assurance,2,PERSON,P
06303,Life Assurance,Life Assurance,2,PERSON,P
06304,Life Assurance,Life Assurance,2,PERSON,P
06305,Life Assurance,Life Assurance,2,PERSON,P
06310,Life Assurance,Life Assurance,2,PERSON,P
06313,Life Assurance,Life Assurance,2,PERSON,P
06315,Life Assurance,Life Assurance,2,PERSON,P
06318,Life Assurance,Life Assurance,2,PERSON,P
06322,Life Assurance,Life Assurance,2,PERSON,P
06323,Life Assurance,Life Assurance,2,PERSON,P
06326,Life Assurance,Life Assurance,2,PERSON,P
06333,Life Assurance,Life Assurance,2,PERSON,P
06334,Life Assurance,Life Assurance,2,PERSON,P
06337,Life Assurance,Life Assurance,2,PERSON,P
06340,Life Assurance,Life Assurance,2,PERSON,P
06342,Life Assurance,Life Assurance,2,PERSON,P
06343,Life Assurance,Life Assurance,2,PERSON,P
06344,Life Assurance,Life Assurance,2,PERSON,P
06347,Life Assurance,Life Assurance,2,PERSON,P
06348,Life Assurance,Life Assurance,2,PERSON,P
06350,Life Assurance,Life Assurance,2,PERSON,P
06352,Life Assurance,Life Assurance,2,PERSON,P
06353,Life Assurance,Life Assurance,2,PERSON,P
06354,Life Assurance,Life Assurance,2,PERSON,P
06361,Life Assurance,Life Assurance,2,PERSON,P
06363,Life Assurance,Life Assurance,2,PERSON,P
06366,Life Assurance,Life Assurance,2,PERSON,P
06367,Life Assurance,Life Assurance,2,PERSON,P
06371,Life Assurance,Life Assurance,2,PERSON,P
06374,Life Assurance,Life Assurance,2,PERSON,P
06381,Life Assurance,Life Assurance,2,PERSON,P
06396,Life Assurance,Life Assurance,2,PERSON,P
06401,Life Assurance,Life Assurance,2,PERSON,P
06405,Life Assurance,Life Assurance,2,PERSON,P
06410,Life Assurance,Life Assurance,2,PERSON,P
06411,Life Assurance,Life Assurance,2,PERSON,P
06412,Life Assurance,Life Assurance,2,PERSON,P
06413,Life Assurance,Life Assurance,3,PERSON,P
06414,Life Assurance,Life Assurance,2,PERSON,P
06416,Life Assurance,Life Assurance,2,PERSON,P
06417,Life Assurance,Life Assurance,2,PERSON,P
06418,Life Assurance,Life Assurance,2,PERSON,P
06423,Life Assurance,Life Assurance,2,PERSON,P
06425,Life Assurance,Life Assurance,2,PERSON,P
06427,Life Assurance,Life Assurance,2,PERSON,P
06431,Life Assurance,Life Assurance,2,PERSON,P
06432,Life Assurance,Life Assurance,2,PERSON,P
06433,Life Assurance,Life Assurance,2,PERSON,P
06435,Life Assurance,Life Assurance,2,PERSON,P
06439,Life Assurance,Life Assurance,2,PERSON,P
06442,Life Assurance,Life Assurance,2,PERSON,P
06448,Life Assurance,Life Assurance,2,PERSON,P
06449,Life Assurance,Life Assurance,2,PERSON,P
06451,Life Assurance,Life Assurance,2,PERSON,P
06462,Life Assurance,Life Assurance,2,PERSON,P
06468,Life Assurance,Life Assurance,2,PERSON,P
06473,Life Assurance,Life Assurance,2,PERSON,P
06474,Life Assurance,Life Assurance,2,PERSON,P
06476,Life Assurance,Life Assurance,2,PERSON,P
06477,Life Assurance,Life Assurance,2,PERSON,P
06481,Life Assurance,Life Assurance,2,PERSON,P
06482,Life Assurance,Life Assurance,2,PERSON,P
06484,Life Assurance,Life Assurance,2,PERSON,P
06488,Life Assurance,Life Assurance,3,PERSON,P
06491,Life Assurance,Life Assurance,2,PERSON,P
06493,Life Assurance,Life Assurance,2,PERSON,P
06496,Life Assurance,Life Assurance,2,PERSON,P
06497,Life Assurance,Life Assurance,2,PERSON,P
06500,Life Assurance,Life Assurance,2,PERSON,P
06501,Life Assurance,Life Assurance,2,PERSON,P
06507,Life Assurance,Life Assurance,2,PERSON,P
06513,Life Assurance,Life Assurance,2,PERSON,P
06519,Life Assurance,Life Assurance,2,PERSON,P
06525,Life Assurance,Life Assurance,2,PERSON,P
06530,Life Assurance,Life Assurance,2,PERSON,P
06535,Life Assurance,Life Assurance,2,PERSON,P
06539,Life Assurance,Life Assurance,2,PERSON,P
06541,Life Assurance,Life Assurance,2,PERSON,P
06545,Life Assurance,Life Assurance,2,PERSON,P
06546,Life Assurance,Life Assurance,2,PERSON,P
06548,Life Assurance,Life Assurance,2,PERSON,P
06550,Life Assurance,Life Assurance,2,PERSON,P
06552,Life Assurance,Life Assurance,2,PERSON,P
06557,Life Assurance,Life Assurance,2,PERSON,P
06562,Life Assurance,Life Assurance,2,PERSON,P
06563,Life Assurance,Life Assurance,2,PERSON,P
06564,Life Assurance,Life Assurance,2,PERSON,P
06566,Life Assurance,Life Assurance,2,PERSON,P
06570,Life Assurance,Life Assurance,2,PERSON,P
06571,Life Assurance,Life Assurance,2,PERSON,P
06572,Life Assurance,Life Assurance,2,PERSON,P
06575,Life Assurance,Life Assurance,2,PERSON,P
06576,Life Assurance,Life Assurance,2,PERSON,P
06580,Life Assurance,Life Assurance,2,PERSON,P
06583,Life Assurance,Life Assurance,2,PERSON,P
06585,Life Assurance,Life Assurance,2,PERSON,P
06586,Life Assurance,Life Assurance,2,PERSON,P
06589,Life Assurance,Life Assurance,2,PERSON,P
06590,Life Assurance,Life Assurance,2,PERSON,P
06591,Life Assurance,Life Assurance,2,PERSON,P
06592,Life Assurance,Life Assurance,2,PERSON,P
06595,Life Assurance,Life Assurance,3,PERSON,P
06596,Life Assurance,Life Assurance,2,PERSON,P
06611,Life Assurance,Life Assurance,2,PERSON,P
06614,Life Assurance,Life Assurance,2,PERSON,P
06615,Life Assurance,Life Assurance,2,PERSON,P
06617,Life Assurance,Life Assurance,2,PERSON,P
06620,Life Assurance,Life Assurance,2,PERSON,P
06623,Life Assurance,Life Assurance,2,PERSON,P
06624,Life Assurance,Life Assurance,2,PERSON,P
06625,Life Assurance,Life Assurance,3,PERSON,P
06626,Life Assurance,Life Assurance,2,PERSON,P
06627,Life Assurance,Life Assurance,2,PERSON,P
06633,Life Assurance,Life Assurance,2,PERSON,P
06638,Life Assurance,Life Assurance,2,PERSON,P
06642,Life Assurance,Life Assurance,2,PERSON,P
06643,Life Assurance,Life Assurance,2,PERSON,P
06644,Life Assurance,Life Assurance,2,PERSON,P
06646,Life Assurance,Life Assurance,2,PERSON,P
06655,Life Assurance,Life Assurance,2,PERSON,P
06662,Life Assurance,Life Assurance,2,PERSON,P
06665,Life Assurance,Life Assurance,2,PERSON,P
06666,Life Assurance,Life Assurance,2,PERSON,P
06671,Life Assurance,Life Assurance,2,PERSON,P
06672,Life Assurance,Life Assurance,2,PERSON,P
06673,Life Assurance,Life Assurance,2,PERSON,P
06674,Life Assurance,Life Assurance,2,PERSON,P
06676,Life Assurance,Life Assurance,2,PERSON,P
06682,Life Assurance,Life Assurance,2,PERSON,P
06684,Life Assurance,Life Assurance,2,PERSON,P
06686,Life Assurance,Life Assurance,2,PERSON,P
06687,Life Assurance,Life Assurance,2,PERSON,P
06692,Life Assurance,Life Assurance,2,PERSON,P
06698,Life Assurance,Life Assurance,2,PERSON,P
06699,Life Assurance,Life Assurance,2,PERSON,P
06700,Life Assurance,Life Assurance,3,PERSON,P
06704,Life Assurance,Life Assurance,2,PERSON,P
06705,Life Assurance,Life Assurance,2,PERSON,P
06707,Life Assurance,Life Assurance,2,PERSON,P
06708,Life Assurance,Life Assurance,2,PERSON,P
06711,Life Assurance,Life Assurance,2,PERSON,P
06712,Life Assurance,Life Assurance,2,PERSON,P
06714,Life Assurance,Life Assurance,2,PERSON,P
06715,Life Assurance,Life Assurance,2,PERSON,P
06718,Life Assurance,Life Assurance,2,PERSON,P
06722,Life Assurance,Life Assurance,2,PERSON,P
06723,Life Assurance,Life Assurance,2,PERSON,P
06724,Life Assurance,Life Assurance,2,PERSON,P
06727,Life Assurance,Life Assurance,2,PERSON,P
06728,Life Assurance,Life Assurance,2,PERSON,P
06729,Life Assurance,Life Assurance,2,PERSON,P
06735,Life Assurance,Life Assurance,2,PERSON,P
06737,Life Assurance,Life Assurance,2,PERSON,P
06738,Life Assurance,Life Assurance,2,PERSON,P
06740,Life Assurance,Life Assurance,2,PERSON,P
06745,Life Assurance,Life Assurance,2,PERSON,P
06750,Life Assurance,Life Assurance,2,PERSON,P
06751,Life Assurance,Life Assurance,2,PERSON,P
06755,Life Assurance,Life Assurance,2,PERSON,P
06758,Life Assurance,Life Assurance,2,PERSON,P
06762,Life Assurance,Life Assurance,2,PERSON,P
06764,Life Assurance,Life Assurance,2,PERSON,P
06765,Life Assurance,Life Assurance,2,PERSON,P
06769,Life Assurance,Life Assurance,2,PERSON,P
06771,Life Assurance,Life Assurance,2,PERSON,P
06773,Life Assurance,Life Assurance,2,PERSON,P
06775,Life Assurance,Life Assurance,2,PERSON,P
06776,Life Assurance,Life Assurance,2,PERSON,P
06779,Life Assurance,Life Assurance,2,PERSON,P
06781,Life Assurance,Life Assurance,2,PERSON,P
06783,Life Assurance,Life Assurance,2,PERSON,P
06785,Life Assurance,Life Assurance,2,PERSON,P
06786,Life Assurance,Life Assurance,2,PERSON,P
06789,Life Assurance,Life Assurance,2,PERSON,P
06792,Life Assurance,Life Assurance,2,PERSON,P
06800,Life Assurance,Life Assurance,2,PERSON,P
06801,Life Assurance,Life Assurance,2,PERSON,P
06802,Life Assurance,Life Assurance,2,PERSON,P
06803,Life Assurance,Life Assurance,3,PERSON,P
06804,Life Assurance,Life Assurance,2,PERSON,P
06805,Life Assurance,Life Assurance,2,PERSON,P
06808,Life Assurance,Life Assurance,2,PERSON,P
06813,Life Assurance,Life Assurance,2,PERSON,P
06817,Life Assurance,Life Assurance,2,PERSON,P
06818,Life Assurance,Life Assurance,2,PERSON,P
06820,Life Assurance,Life Assurance,2,PERSON,P
06821,Life Assurance,Life Assurance,2,PERSON,P
06824,Life Assurance,Life Assurance,2,PERSON,P
06825,Life Assurance,Life Assurance,2,PERSON,P
06828,Life Assurance,Life Assurance,2,PERSON,P
06832,Life Assurance,Life Assurance,2,PERSON,P
06837,Life Assurance,Life Assurance,2,PERSON,P
06838,Life Assurance,Life Assurance,2,PERSON,P
06843,Life Assurance,Life Assurance,2,PERSON,P
06845,Life Assurance,Life Assurance,2,PERSON,P
06846,Life Assurance,Life Assurance,2,PERSON,P
06847,Life Assurance,Life Assurance,2,PERSON,P
06848,Life Assurance,Life Assurance,2,PERSON,P
06849,Life Assurance,Life Assurance,2,PERSON,P
06856,Life Assurance,Life Assurance,2,PERSON,P
06858,Life Assurance,Life Assurance,2,PERSON,P
06860,Life Assurance,Life Assurance,1,PERSON,P
06861,Life Assurance,Life Assurance,2,PERSON,P
06862,Life Assurance,Life Assurance,2,PERSON,P
06865,Life Assurance,Life Assurance,2,PERSON,P
06867,Life Assurance,Life Assurance,2,PERSON,P
06869,Life Assurance,Life Assurance,2,PERSON,P
06870,Life Assurance,Life Assurance,2,PERSON,P
06873,Life Assurance,Life Assurance,2,PERSON,P
06875,Life Assurance,Life Assurance,2,PERSON,P
06877,Life Assurance,Life Assurance,2,PERSON,P
06879,Life Assurance,Life Assurance,2,PERSON,P
06881,Life Assurance,Life Assurance,2,PERSON,P
06884,Life Assurance,Life Assurance,2,PERSON,P
06885,Life Assurance,Life Assurance,2,PERSON,P
06886,Life Assurance,Life Assurance,2,PERSON,P
06888,Life Assurance,Life Assurance,2,PERSON,P
06891,Life Assurance,Life Assurance,2,PERSON,P
06893,Life Assurance,Life Assurance,2,PERSON,P
06896,Life Assurance,Life Assurance,2,PERSON,P
06897,Life Assurance,Life Assurance,2,PERSON,P
06900,Life Assurance,Life Assurance,3,PERSON,P
06901,Life Assurance,Life Assurance,2,PERSON,P
06902,Life Assurance,Life Assurance,2,PERSON,P
06903,Life Assurance,Life Assurance,2,PERSON,P
06905,Life Assurance,Life Assurance,2,PERSON,P
06906,Life Assurance,Life Assurance,2,PERSON,P
06908,Life Assurance,Life Assurance,2,PERSON,P
06909,Life Assurance,Life Assurance,3,PERSON,P
06910,Life Assurance,Life Assurance,2,PERSON,P
06912,Life Assurance,Life Assurance,3,PERSON,P
06914,Life Assurance,Life Assurance,2,PERSON,P
06918,Life Assurance,Life Assurance,2,PERSON,P
06920,Life Assurance,Life Assurance,2,PERSON,P
06926,Life Assurance,Life Assurance,3,PERSON,P
06928,Life Assurance,Life Assurance,3,PERSON,P
06929,Life Assurance,Life Assurance,2,PERSON,P
06930,Life Assurance,Life Assurance,2,PERSON,P
06935,Life Assurance,Life Assurance,3,PERSON,P
06950,Life Assurance,Life Assurance,3,PERSON,P
06951,Life Assurance,Life Assurance,3,PERSON,P
06953,Life Assurance,Life Assurance,3,PERSON,P
06955,Life Assurance,Life Assurance,3,PERSON,P
06956,Life Assurance,Life Assurance,3,PERSON,P
06957,Life Assurance,Life Assurance,3,PERSON,P
06962,Life Assurance,Life Assurance,3,PERSON,P
06964,Life Assurance,Life Assurance,3,PERSON,P
06977,Life Assurance,Life Assurance,3,PERSON,P
06978,Life Assurance,Life Assurance,3,PERSON,P
06992,Life Assurance,Life Assurance,3,PERSON,P
06998,Life Assurance,Life Assurance,3,PERSON,P
07003,Life Assurance,Life Assurance,3,PERSON,P
07007,Life Assurance,Life Assurance,3,PERSON,P
07011,Life Assurance,Life Assurance,3,PERSON,P
07012,Life Assurance,Life Assurance,3,PERSON,P
07026,Life Assurance,Life Assurance,3,PERSON,P
07031,Life Assurance,Life Assurance,3,PERSON,P
07035,Life Assurance,Life Assurance,3,PERSON,P
07036,Life Assurance,Life Assurance,3,PERSON,P
07037,Life Assurance,Life Assurance,3,PERSON,P
07038,Life Assurance,Life Assurance,3,PERSON,P
07040,Life Assurance,Life Assurance,3,PERSON,P
07041,Life Assurance,Life Assurance,3,PERSON,P
07042,Life Assurance,Life Assurance,3,PERSON,P
07043,Life Assurance,Life Assurance,3,PERSON,P
07044,Life Assurance,Life Assurance,3,PERSON,P
07046,Life Assurance,Life Assurance,3,PERSON,P
07047,Life Assurance,Life Assurance,3,PERSON,P
07055,Life Assurance,Life Assurance,3,PERSON,P
07057,Life Assurance,Life Assurance,3,PERSON,P
07058,Life Assurance,Life Assurance,3,PERSON,P
07059,Life Assurance,Life Assurance,3,PERSON,P
07061,Life Assurance,Life Assurance,3,PERSON,P
07063,Life Assurance,Life Assurance,3,PERSON,P
07064,Life Assurance,Life Assurance,3,PERSON,P
07065,Life Assurance,Life Assurance,3,PERSON,P
07068,Life Assurance,Life Assurance,3,PERSON,P
07073,Life Assurance,Life Assurance,3,PERSON,P
07080,Life Assurance,Life Assurance,3,PERSON,P
07081,Life Assurance,Life Assurance,3,PERSON,P
07082,Life Assurance,Life Assurance,3,PERSON,P
07087,Life Assurance,Life Assurance,3,PERSON,P
07088,Life Assurance,Life Assurance,3,PERSON,P
07089,Life Assurance,Life Assurance,3,PERSON,P
07090,Life Assurance,Life Assurance,3,PERSON,P
07092,Life Assurance,Life Assurance,3,PERSON,P
07094,Life Assurance,Life Assurance,3,PERSON,P
07099,Life Assurance,Life Assurance,3,PERSON,P
07101,Life Assurance,Life Assurance,3,PERSON,P
07102,Life Assurance,Life Assurance,3,PERSON,P
07103,Life Assurance,Life Assurance,3,PERSON,P
07107,Life Assurance,Life Assurance,3,PERSON,P
07108,Life Assurance,Life Assurance,3,PERSON,P
07110,Life Assurance,Life Assurance,3,PERSON,P
07111,Life Assurance,Life Assurance,3,PERSON,P
07112,Life Assurance,Life Assurance,3,PERSON,P
07113,Life Assurance,Life Assurance,3,PERSON,P
07114,Life Assurance,Life Assurance,3,PERSON,P
07115,Life Assurance,Life Assurance,3,PERSON,P
07121,Life Assurance,Life Assurance,3,PERSON,P
07123,Life Assurance,Life Assurance,3,PERSON,P
07125,Life Assurance,Life Assurance,3,PERSON,P
07126,Life Assurance,Life Assurance,3,PERSON,P
07128,Life Assurance,Life Assurance,3,PERSON,P
07129,Life Assurance,Life Assurance,3,PERSON,P
07132,Life Assurance,Life Assurance,3,PERSON,P
07133,Life Assurance,Life Assurance,3,PERSON,P
07135,Life Assurance,Life Assurance,3,PERSON,P
07142,Life Assurance,Life Assurance,3,PERSON,P
07147,Life Assurance,Life Assurance,3,PERSON,P
07148,Life Assurance,Life Assurance,3,PERSON,P
07150,Life Assurance,Life Assurance,3,PERSON,P
07151,Life Assurance,Life Assurance,3,PERSON,P
07154,Life Assurance,Life Assurance,2,PERSON,P
07155,Life Assurance,Life Assurance,3,PERSON,P
07156,Life Assurance,Life Assurance,3,PERSON,P
07157,Life Assurance,Life Assurance,3,PERSON,P
07159,Life Assurance,Life Assurance,3,PERSON,P
07161,Life Assurance,Life Assurance,3,PERSON,P
07162,Life Assurance,Life Assurance,3,PERSON,P
07164,Life Assurance,Life Assurance,3,PERSON,P
07165,Life Assurance,Life Assurance,3,PERSON,P
07166,Life Assurance,Life Assurance,3,PERSON,P
07168,Life Assurance,Life Assurance,3,PERSON,P
07170,Life Assurance,Life Assurance,3,PERSON,P
07171,Life Assurance,Life Assurance,3,PERSON,P
07177,Life Assurance,Life Assurance,3,PERSON,P
07178,Life Assurance,Life Assurance,3,PERSON,P
07179,Life Assurance,Life Assurance,3,PERSON,P
07180,Life Assurance,Life Assurance,3,PERSON,P
07187,Life Assurance,Life Assurance,3,PERSON,P
07189,Life Assurance,Life Assurance,3,PERSON,P
07190,Life Assurance,Life Assurance,3,PERSON,P
07195,Life Assurance,Life Assurance,2,PERSON,P
07200,Life Assurance,Life Assurance,3,PERSON,P
07201,Life Assurance,Life Assurance,3,PERSON,P
07203,Life Assurance,Life Assurance,3,PERSON,P
07204,Life Assurance,Life Assurance,3,PERSON,P
07205,Life Assurance,Life Assurance,3,PERSON,P
07208,Life Assurance,Life Assurance,3,PERSON,P
07211,Life Assurance,Life Assurance,3,PERSON,P
07213,Life Assurance,Life Assurance,3,PERSON,P
07216,Life Assurance,Life Assurance,3,PERSON,P
07219,Life Assurance,Life Assurance,3,PERSON,P
07221,Life Assurance,Life Assurance,3,PERSON,P
07222,Life Assurance,Life Assurance,3,PERSON,P
07223,Life Assurance,Life Assurance,3,PERSON,P
07225,Life Assurance,Life Assurance,3,PERSON,P
07226,Life Assurance,Life Assurance,3,PERSON,P
07228,Life Assurance,Life Assurance,3,PERSON,P
07229,Life Assurance,Life Assurance,3,PERSON,P
07230,Life Assurance,Life Assurance,3,PERSON,P
07231,Life Assurance,Life Assurance,3,PERSON,P
07232,Life Assurance,Life Assurance,3,PERSON,P
07234,Life Assurance,Life Assurance,3,PERSON,P
07236,Life Assurance,Life Assurance,3,PERSON,P
07237,Life Assurance,Life Assurance,3,PERSON,P
07238,Life Assurance,Life Assurance,3,PERSON,P
07240,Life Assurance,Life Assurance,3,PERSON,P
07241,Life Assurance,Life Assurance,3,PERSON,P
07242,Life Assurance,Life Assurance,3,PERSON,P
07243,Life Assurance,Life Assurance,3,PERSON,P
07244,Life Assurance,Life Assurance,3,PERSON,P
07245,Life Assurance,Life Assurance,3,PERSON,P
07246,Life Assurance,Life Assurance,3,PERSON,P
07247,Life Assurance,Life Assurance,3,PERSON,P
07248,Life Assurance,Life Assurance,3,PERSON,P
07249,Life Assurance,Life Assurance,3,PERSON,P
07255,Life Assurance,Life Assurance,3,PERSON,P
07256,Life Assurance,Life Assurance,2,PERSON,P
07257,Life Assurance,Life Assurance,2,PERSON,P
07258,Life Assurance,Life Assurance,3,PERSON,P
07259,Life Assurance,Life Assurance,3,PERSON,P
07260,Life Assurance,Life Assurance,3,PERSON,P
07264,Life Assurance,Life Assurance,3,PERSON,P
07265,Life Assurance,Life Assurance,3,PERSON,P
07266,Life Assurance,Life Assurance,3,PERSON,P
07267,Life Assurance,Life Assurance,3,PERSON,P
07272,Life Assurance,Life Assurance,3,PERSON,P
07274,Life Assurance,Life Assurance,3,PERSON,P
07275,Life Assurance,Life Assurance,3,PERSON,P
07276,Life Assurance,Life Assurance,3,PERSON,P
07277,Life Assurance,Life Assurance,3,PERSON,P
07278,Life Assurance,Life Assurance,3,PERSON,P
07279,Life Assurance,Life Assurance,3,PERSON,P
07281,Life Assurance,Life Assurance,3,PERSON,P
07288,Life Assurance,Life Assurance,3,PERSON,P
07293,Life Assurance,Life Assurance,3,PERSON,P
07295,Life Assurance,Life Assurance,3,PERSON,P
07296,Life Assurance,Life Assurance,3,PERSON,P
07298,Life Assurance,Life Assurance,3,PERSON,P
07301,Life Assurance,Life Assurance,3,PERSON,P
07302,Life Assurance,Life Assurance,3,PERSON,P
07303,Life Assurance,Life Assurance,2,PERSON,P
07304,Life Assurance,Life Assurance,3,PERSON,P
07308,Life Assurance,Life Assurance,3,PERSON,P
07310,Life Assurance,Life Assurance,3,PERSON,P
07311,Life Assurance,Life Assurance,3,PERSON,P
07312,Life Assurance,Life Assurance,3,PERSON,P
07313,Life Assurance,Life Assurance,3,PERSON,P
07314,Life Assurance,Life Assurance,3,PERSON,P
07315,Life Assurance,Life Assurance,2,PERSON,P
07316,Life Assurance,Life Assurance,3,PERSON,P
07317,Life Assurance,Life Assurance,2,PERSON,P
07318,Life Assurance,Life Assurance,3,PERSON,P
07319,Life Assurance,Life Assurance,3,PERSON,P
07320,Life Assurance,Life Assurance,3,PERSON,P
07321,Life Assurance,Life Assurance,3,PERSON,P
07326,Life Assurance,Life Assurance,3,PERSON,P
07329,Life Assurance,Life Assurance,3,PERSON,P
07330,Life Assurance,Life Assurance,3,PERSON,P
07331,Life Assurance,Life Assurance,3,PERSON,P
07332,Life Assurance,Life Assurance,3,PERSON,P
07333,Life Assurance,Life Assurance,3,PERSON,P
07335,Life Assurance,Life Assurance,3,PERSON,P
07337,Life Assurance,Life Assurance,2,PERSON,P
07341,Life Assurance,Life Assurance,3,PERSON,P
07344,Life Assurance,Life Assurance,2,PERSON,P
07346,Life Assurance,Life Assurance,3,PERSON,P
07347,Life Assurance,Life Assurance,2,PERSON,P
07351,Life Assurance,Life Assurance,2,PERSON,P
07354,Life Assurance,Life Assurance,3,PERSON,P
07355,Life Assurance,Life Assurance,3,PERSON,P
07356,Life Assurance,Life Assurance,2,PERSON,P
07357,Life Assurance,Life Assurance,3,PERSON,P
07361,Life Assurance,Life Assurance,3,PERSON,P
07362,Life Assurance,Life Assurance,3,PERSON,P
07364,Life Assurance,Life Assurance,3,PERSON,P
07365,Life Assurance,Life Assurance,3,PERSON,P
07366,Life Assurance,Life Assurance,3,PERSON,P
07367,Life Assurance,Life Assurance,3,PERSON,P
07368,Life Assurance,Life Assurance,3,PERSON,P
07369,Life Assurance,Life Assurance,3,PERSON,P
07372,Life Assurance,Life Assurance,3,PERSON,P
07373,Life Assurance,Life Assurance,3,PERSON,P
07374,Life Assurance,Life Assurance,3,PERSON,P
07377,Life Assurance,Life Assurance,3,PERSON,P
07379,Life Assurance,Life Assurance,3,PERSON,P
07380,Life Assurance,Life Assurance,3,PERSON,P
07381,Life Assurance,Life Assurance,3,PERSON,P
07382,Life Assurance,Life Assurance,3,PERSON,P
07385,Life Assurance,Life Assurance,3,PERSON,P
07386,Life Assurance,Life Assurance,3,PERSON,P
07388,Life Assurance,Life Assurance,3,PERSON,P
07390,Life Assurance,Life Assurance,3,PERSON,P
07391,Life Assurance,Life Assurance,3,PERSON,P
07392,Life Assurance,Life Assurance,3,PERSON,P
07393,Life Assurance,Life Assurance,3,PERSON,P
07394,Life Assurance,Life Assurance,3,PERSON,P
07395,Life Assurance,Life Assurance,3,PERSON,P
07396,Life Assurance,Life Assurance,3,PERSON,P
07397,Life Assurance,Life Assurance,3,PERSON,P
07399,Life Assurance,Life Assurance,3,PERSON,P
07400,Life Assurance,Life Assurance,2,PERSON,P
07401,Life Assurance,Life Assurance,3,PERSON,P
07402,Life Assurance,Life Assurance,2,PERSON,P
07406,Life Assurance,Life Assurance,3,PERSON,P
07407,Life Assurance,Life Assurance,3,PERSON,P
07408,Life Assurance,Life Assurance,3,PERSON,P
07413,Life Assurance,Life Assurance,3,PERSON,P
07416,Life Assurance,Life Assurance,3,PERSON,P
07417,Life Assurance,Life Assurance,3,PERSON,P
07418,Life Assurance,Life Assurance,3,PERSON,P
07419,Life Assurance,Life Assurance,3,PERSON,P
07421,Life Assurance,Life Assurance,3,PERSON,P
07422,Life Assurance,Life Assurance,3,PERSON,P
07425,Life Assurance,Life Assurance,3,PERSON,P
07427,Life Assurance,Life Assurance,3,PERSON,P
07429,Life Assurance,Life Assurance,3,PERSON,P
07433,Life Assurance,Life Assurance,3,PERSON,P
07434,Life Assurance,Life Assurance,3,PERSON,P
07435,Life Assurance,Life Assurance,3,PERSON,P
07436,Life Assurance,Life Assurance,3,PERSON,P
07437,Life Assurance,Life Assurance,3,PERSON,P
07438,Life Assurance,Life Assurance,3,PERSON,P
07439,Life Assurance,Life Assurance,3,PERSON,P
07440,Life Assurance,Life Assurance,3,PERSON,P
07441,Life Assurance,Life Assurance,3,PERSON,P
07445,Life Assurance,Life Assurance,3,PERSON,P
07446,Life Assurance,Life Assurance,3,PERSON,P
07448,Life Assurance,Life Assurance,3,PERSON,P
07452,Life Assurance,Life Assurance,3,PERSON,P
07454,Life Assurance,Life Assurance,3,PERSON,P
07456,Life Assurance,Life Assurance,3,PERSON,P
07457,Life Assurance,Life Assurance,3,PERSON,P
07458,Life Assurance,Life Assurance,3,PERSON,P
07459,Life Assurance,Life Assurance,3,PERSON,P
07460,Life Assurance,Life Assurance,3,PERSON,P
07461,Life Assurance,Life Assurance,3,PERSON,P
07462,Life Assurance,Life Assurance,3,PERSON,P
07463,Life Assurance,Life Assurance,3,PERSON,P
07465,Life Assurance,Life Assurance,3,PERSON,P
07467,Life Assurance,Life Assurance,3,PERSON,P
07470,Life Assurance,Life Assurance,3,PERSON,P
07475,Life Assurance,Life Assurance,3,PERSON,P
07478,Life Assurance,Life Assurance,3,PERSON,P
07480,Life Assurance,Life Assurance,3,PERSON,P
07483,Life Assurance,Life Assurance,3,PERSON,P
07484,Life Assurance,Life Assurance,3,PERSON,P
07485,Life Assurance,Life Assurance,3,PERSON,P
07488,Life Assurance,Life Assurance,3,PERSON,P
07490,Life Assurance,Life Assurance,3,PERSON,P
07491,Life Assurance,Life Assurance,3,PERSON,P
07492,Life Assurance,Life Assurance,3,PERSON,P
07493,Life Assurance,Life Assurance,3,PERSON,P
07496,Life Assurance,Life Assurance,3,PERSON,P
07498,Life Assurance,Life Assurance,3,PERSON,P
07500,Life Assurance,Life Assurance,2,PERSON,P
07501,Life Assurance,Life Assurance,3,PERSON,P
07502,Life Assurance,Life Assurance,3,PERSON,P
07503,Life Assurance,Life Assurance,3,PERSON,P
07504,Life Assurance,Life Assurance,3,PERSON,P
07505,Life Assurance,Life Assurance,3,PERSON,P
07506,Life Assurance,Life Assurance,3,PERSON,P
07507,Life Assurance,Life Assurance,3,PERSON,P
07510,Life Assurance,Life Assurance,3,PERSON,P
07511,Life Assurance,Life Assurance,3,PERSON,P
07513,Life Assurance,Life Assurance,3,PERSON,P
07514,Life Assurance,Life Assurance,2,PERSON,P
07516,Life Assurance,Life Assurance,3,PERSON,P
07520,Life Assurance,Life Assurance,3,PERSON,P
07521,Life Assurance,Life Assurance,3,PERSON,P
07522,Life Assurance,Life Assurance,3,PERSON,P
07523,Life Assurance,Life Assurance,3,PERSON,P
07524,Life Assurance,Life Assurance,3,PERSON,P
07525,Life Assurance,Life Assurance,2,PERSON,P
07527,Life Assurance,Life Assurance,3,PERSON,P
07528,Life Assurance,Life Assurance,3,PERSON,P
07530,Life Assurance,Life Assurance,3,PERSON,P
07532,Life Assurance,Life Assurance,3,PERSON,P
07533,Life Assurance,Life Assurance,3,PERSON,P
07534,Life Assurance,Life Assurance,3,PERSON,P
07536,Life Assurance,Life Assurance,3,PERSON,P
07538,Life Assurance,Life Assurance,3,PERSON,P
07542,Life Assurance,Life Assurance,3,PERSON,P
07543,Life Assurance,Life Assurance,3,PERSON,P
07544,Life Assurance,Life Assurance,3,PERSON,P
07546,Life Assurance,Life Assurance,3,PERSON,P
07547,Life Assurance,Life Assurance,3,PERSON,P
07550,Life Assurance,Life Assurance,3,PERSON,P
07552,Life Assurance,Life Assurance,2,PERSON,P
07553,Life Assurance,Life Assurance,3,PERSON,P
07556,Life Assurance,Life Assurance,3,PERSON,P
07558,Life Assurance,Life Assurance,3,PERSON,P
07559,Life Assurance,Life Assurance,3,PERSON,P
07560,Life Assurance,Life Assurance,3,PERSON,P
07561,Life Assurance,Life Assurance,3,PERSON,P
07565,Life Assurance,Life Assurance,3,PERSON,P
07566,Life Assurance,Life Assurance,3,PERSON,P
07567,Life Assurance,Life Assurance,3,PERSON,P
07568,Life Assurance,Life Assurance,3,PERSON,P
07571,Life Assurance,Life Assurance,3,PERSON,P
07572,Life Assurance,Life Assurance,3,PERSON,P
07573,Life Assurance,Life Assurance,2,PERSON,P
07574,Life Assurance,Life Assurance,3,PERSON,P
07575,Life Assurance,Life Assurance,3,PERSON,P
07576,Life Assurance,Life Assurance,3,PERSON,P
07577,Life Assurance,Life Assurance,3,PERSON,P
07578,Life Assurance,Life Assurance,3,PERSON,P
07580,Life Assurance,Life Assurance,3,PERSON,P
07581,Life Assurance,Life Assurance,3,PERSON,P
07582,Life Assurance,Life Assurance,3,PERSON,P
07583,Life Assurance,Life Assurance,2,PERSON,P
07584,Life Assurance,Life Assurance,3,PERSON,P
07586,Life Assurance,Life Assurance,3,PERSON,P
07587,Life Assurance,Life Assurance,3,PERSON,P
07592,Life Assurance,Life Assurance,3,PERSON,P
07593,Life Assurance,Life Assurance,3,PERSON,P
07595,Life Assurance,Life Assurance,3,PERSON,P
07596,Life Assurance,Life Assurance,3,PERSON,P
07598,Life Assurance,Life Assurance,3,PERSON,P
07600,Life Assurance,Life Assurance,3,PERSON,P
07603,Life Assurance,Life Assurance,3,PERSON,P
07605,Life Assurance,Life Assurance,2,PERSON,P
07606,Life Assurance,Life Assurance,3,PERSON,P
07607,Life Assurance,Life Assurance,3,PERSON,P
07608,Life Assurance,Life Assurance,2,PERSON,P
07609,Life Assurance,Life Assurance,3,PERSON,P
07610,Life Assurance,Life Assurance,3,PERSON,P
07611,Life Assurance,Life Assurance,3,PERSON,P
07613,Life Assurance,Life Assurance,3,PERSON,P
07614,Life Assurance,Life Assurance,3,PERSON,P
07615,Life Assurance,Life Assurance,3,PERSON,P
07616,Life Assurance,Life Assurance,3,PERSON,P
07617,Life Assurance,Life Assurance,3,PERSON,P
07619,Life Assurance,Life Assurance,3,PERSON,P
07621,Life Assurance,Life Assurance,2,PERSON,P
07623,Life Assurance,Life Assurance,3,PERSON,P
07624,Life Assurance,Life Assurance,3,PERSON,P
07626,Life Assurance,Life Assurance,3,PERSON,P
07627,Life Assurance,Life Assurance,3,PERSON,P
07628,Life Assurance,Life Assurance,3,PERSON,P
07629,Life Assurance,Life Assurance,3,PERSON,P
07630,Life Assurance,Life Assurance,3,PERSON,P
07631,Life Assurance,Life Assurance,3,PERSON,P
07632,Life Assurance,Life Assurance,3,PERSON,P
07633,Life Assurance,Life Assurance,3,PERSON,P
07634,Life Assurance,Life Assurance,3,PERSON,P
07635,Life Assurance,Life Assurance,3,PERSON,P
07636,Life Assurance,Life Assurance,3,PERSON,P
07637,Life Assurance,Life Assurance,3,PERSON,P
07638,Life Assurance,Life Assurance,3,PERSON,P
07639,Life Assurance,Life Assurance,3,PERSON,P
07650,Life Assurance,Life Assurance,3,PERSON,P
07653,Life Assurance,Life Assurance,3,PERSON,P
07662,Life Assurance,Life Assurance,3,PERSON,P
07669,Life Assurance,Life Assurance,3,PERSON,P
07673,Life Assurance,Life Assurance,3,PERSON,P
07675,Life Assurance,Life Assurance,3,PERSON,P
07676,Life Assurance,Life Assurance,3,PERSON,P
07677,Life Assurance,Life Assurance,3,PERSON,P
07680,Life Assurance,Life Assurance,3,PERSON,P
07683,Life Assurance,Life Assurance,3,PERSON,P
07686,Life Assurance,Life Assurance,3,PERSON,P
07690,Life Assurance,Life Assurance,3,PERSON,P
07697,Life Assurance,Life Assurance,3,PERSON,P
07699,Life Assurance,Life Assurance,3,PERSON,P
07708,Life Assurance,Life Assurance,3,PERSON,P
07720,Life Assurance,Life Assurance,3,PERSON,P
07723,Life Assurance,Life Assurance,3,PERSON,P
07726,Life Assurance,Life Assurance,3,PERSON,P
07733,Life Assurance,Life Assurance,3,PERSON,P
07737,Life Assurance,Life Assurance,3,PERSON,P
07739,Life Assurance,Life Assurance,3,PERSON,P
07744,Life Assurance,Life Assurance,3,PERSON,P
07745,Life Assurance,Life Assurance,3,PERSON,P
07749,Life Assurance,Life Assurance,3,PERSON,P
07759,Life Assurance,Life Assurance,3,PERSON,P
07762,Life Assurance,Life Assurance,3,PERSON,P
07767,Life Assurance,Life Assurance,3,PERSON,P
07772,Life Assurance,Life Assurance,3,PERSON,P
07774,Life Assurance,Life Assurance,3,PERSON,P
07779,Life Assurance,Life Assurance,3,PERSON,P
07786,Life Assurance,Life Assurance,3,PERSON,P
07787,Life Assurance,Life Assurance,3,PERSON,P
07798,Life Assurance,Life Assurance,3,PERSON,P
07807,Life Assurance,Life Assurance,3,PERSON,P
07810,Life Assurance,Life Assurance,3,PERSON,P
07811,Life Assurance,Life Assurance,3,PERSON,P
07814,Life Assurance,Life Assurance,3,PERSON,P
07818,Life Assurance,Life Assurance,3,PERSON,P
07825,Life Assurance,Life Assurance,3,PERSON,P
07830,Life Assurance,Life Assurance,3,PERSON,P
07831,Life Assurance,Life Assurance,3,PERSON,T
07834,Life Assurance,Life Assurance,3,PERSON,P
07837,Life Assurance,Life Assurance,3,PERSON,P
07843,Life Assurance,Life Assurance,3,PERSON,P
07845,Life Assurance,Life Assurance,3,PERSON,P
07848,Life Assurance,Life Assurance,3,PERSON,P
07849,Life Assurance,Life Assurance,3,PERSON,P
07850,Life Assurance,Life Assurance,3,PERSON,P
07864,Life Assurance,Life Assurance,3,PERSON,P
07867,Life Assurance,Life Assurance,3,PERSON,P
07872,Life Assurance,Life Assurance,3,PERSON,P
07875,Life Assurance,Life Assurance,3,PERSON,P
07887,Life Assurance,Life Assurance,3,PERSON,P
07893,Life Assurance,Life Assurance,3,PERSON,P
07900,Life Assurance,Life Assurance,3,PERSON,P
07905,Life Assurance,Life Assurance,3,PERSON,P
07917,Life Assurance,Life Assurance,3,PERSON,P
07921,Life Assurance,Life Assurance,3,PERSON,P
07924,Life Assurance,Life Assurance,3,PERSON,P
07925,Life Assurance,Life Assurance,3,PERSON,P
07929,Life Assurance,Life Assurance,3,PERSON,P
07930,Life Assurance,Life Assurance,3,PERSON,P
07936,Life Assurance,Life Assurance,3,PERSON,P
07943,Life Assurance,Life Assurance,3,PERSON,P
07948,Life Assurance,Life Assurance,3,PERSON,P
07952,Life Assurance,Life Assurance,3,PERSON,P
07960,Life Assurance,Life Assurance,3,PERSON,P
07961,Life Assurance,Life Assurance,3,PERSON,P
07963,Life Assurance,Life Assurance,3,PERSON,P
07967,Life Assurance,Life Assurance,3,PERSON,P
07968,Life Assurance,Life Assurance,3,PERSON,P
07970,Life Assurance,Life Assurance,3,PERSON,P
07973,Life Assurance,Life Assurance,3,PERSON,P
07975,Life Assurance,Life Assurance,3,PERSON,P
07976,Life Assurance,Life Assurance,3,PERSON,P
07977,Life Assurance,Life Assurance,3,PERSON,P
07978,Life Assurance,Life Assurance,3,PERSON,P
07985,Life Assurance,Life Assurance,3,PERSON,P
07988,Life Assurance,Life Assurance,3,PERSON,P
07991,Life Assurance,Life Assurance,3,PERSON,P
08002,Life Assurance,Life Assurance,3,PERSON,P
08003,Life Assurance,Life Assurance,3,PERSON,P
08004,Life Assurance,Life Assurance,3,PERSON,P
08005,Life Assurance,Life Assurance,3,PERSON,P
08008,Life Assurance,Life Assurance,3,PERSON,P
08010,Life Assurance,Life Assurance,3,PERSON,P
08013,Life Assurance,Life Assurance,3,PERSON,P
08014,Life Assurance,Life Assurance,3,PERSON,P
08018,Life Assurance,Life Assurance,3,PERSON,P
08022,Life Assurance,Life Assurance,3,PERSON,P
08038,Life Assurance,Life Assurance,3,PERSON,P
08041,Life Assurance,Life Assurance,3,PERSON,P
08042,Life Assurance,Life Assurance,3,PERSON,P
08049,Life Assurance,Life Assurance,3,PERSON,P
08062,Life Assurance,Life Assurance,3,PERSON,P
08066,Life Assurance,Life Assurance,3,PERSON,P
08074,Life Assurance,Life Assurance,3,PERSON,P
08077,Life Assurance,Life Assurance,3,PERSON,P
08084,Life Assurance,Life Assurance,3,PERSON,P
08086,Life Assurance,Life Assurance,3,PERSON,P
08087,Life Assurance,Life Assurance,3,PERSON,P
08090,Life Assurance,Life Assurance,3,PERSON,P
08092,Life Assurance,Life Assurance,3,PERSON,P
08093,Life Assurance,Life Assurance,3,PERSON,P
08103,Life Assurance,Life Assurance,3,PERSON,P
08104,Life Assurance,Life Assurance,3,PERSON,P
08105,Life Assurance,Life Assurance,3,PERSON,P
08109,Life Assurance,Life Assurance,3,PERSON,P
08111,Life Assurance,Life Assurance,3,PERSON,P
08113,Life Assurance,Life Assurance,3,PERSON,P
08114,Life Assurance,Life Assurance,3,PERSON,P
08118,Life Assurance,Life Assurance,3,PERSON,P
08126,Life Assurance,Life Assurance,3,PERSON,P
08133,Life Assurance,Life Assurance,3,PERSON,P
08134,Life Assurance,Life Assurance,3,PERSON,P
08136,Life Assurance,Life Assurance,3,PERSON,P
08141,Life Assurance,Life Assurance,3,PERSON,P
08142,Life Assurance,Life Assurance,3,PERSON,P
08144,Life Assurance,Life Assurance,3,PERSON,P
08145,Life Assurance,Life Assurance,3,PERSON,P
08150,Life Assurance,Life Assurance,3,PERSON,P
08155,Life Assurance,Life Assurance,3,PERSON,P
08157,Life Assurance,Life Assurance,3,PERSON,P
08164,Life Assurance,Life Assurance,3,PERSON,P
08165,Life Assurance,Life Assurance,3,PERSON,P
08168,Life Assurance,Life Assurance,3,PERSON,P
08174,Life Assurance,Life Assurance,3,PERSON,P
08175,Life Assurance,Life Assurance,3,PERSON,P
08176,Life Assurance,Life Assurance,3,PERSON,P
08180,Life Assurance,Life Assurance,3,PERSON,P
08182,Life Assurance,Life Assurance,3,PERSON,P
08183,Life Assurance,Life Assurance,3,PERSON,P
08190,Life Assurance,Life Assurance,3,PERSON,P
08191,Life Assurance,Life Assurance,3,PERSON,P
08192,Life Assurance,Life Assurance,3,PERSON,P
08198,Life Assurance,Life Assurance,3,PERSON,P
08200,Life Assurance,Life Assurance,3,PERSON,P
08201,Life Assurance,Life Assurance,3,PERSON,P
08202,Life Assurance,Life Assurance,3,PERSON,P
08208,Life Assurance,Life Assurance,3,PERSON,P
08222,Life Assurance,Life Assurance,3,PERSON,P
08234,Life Assurance,Life Assurance,3,PERSON,P
08237,Life Assurance,Life Assurance,3,PERSON,P
08240,Life Assurance,Life Assurance,3,PERSON,P
08241,Life Assurance,Life Assurance,3,PERSON,P
08242,Life Assurance,Life Assurance,3,PERSON,P
08243,Life Assurance,Life Assurance,3,PERSON,P
08244,Life Assurance,Life Assurance,3,PERSON,P
08247,Life Assurance,Life Assurance,3,PERSON,P
08248,Life Assurance,Life Assurance,3,PERSON,P
08250,Life Assurance,Life Assurance,3,PERSON,P
08252,Life Assurance,Life Assurance,3,PERSON,P
08255,Life Assurance,Life Assurance,3,PERSON,P
08259,Life Assurance,Life Assurance,3,PERSON,P
08264,Life Assurance,Life Assurance,3,PERSON,P
08265,Life Assurance,Life Assurance,3,PERSON,P
08266,Life Assurance,Life Assurance,3,PERSON,P
08268,Life Assurance,Life Assurance,3,PERSON,P
08271,Life Assurance,Life Assurance,3,PERSON,P
08276,Life Assurance,Life Assurance,3,PERSON,P
08279,Life Assurance,Life Assurance,3,PERSON,P
08281,Life Assurance,Life Assurance,3,PERSON,P
08282,Life Assurance,Life Assurance,3,PERSON,P
08284,Life Assurance,Life Assurance,3,PERSON,P
08287,Life Assurance,Life Assurance,3,PERSON,P
08288,Life Assurance,Life Assurance,3,PERSON,P
08298,Life Assurance,Life Assurance,3,PERSON,P
08300,Life Assurance,Life Assurance,3,PERSON,P
08307,Life Assurance,Life Assurance,3,PERSON,P
08308,Life Assurance,Life Assurance,3,PERSON,P
08311,Life Assurance,Life Assurance,3,PERSON,P
08321,Life Assurance,Life Assurance,3,PERSON,P
08325,Life Assurance,Life Assurance,3,PERSON,P
08327,Life Assurance,Life Assurance,3,PERSON,P
08328,Life Assurance,Life Assurance,3,PERSON,P
08339,Life Assurance,Life Assurance,3,PERSON,P
08340,Life Assurance,Life Assurance,3,PERSON,P
08341,Life Assurance,Life Assurance,3,PERSON,P
08345,Life Assurance,Life Assurance,3,PERSON,P
08346,Life Assurance,Life Assurance,3,PERSON,P
08350,Life Assurance,Life Assurance,3,PERSON,P
08356,Life Assurance,Life Assurance,3,PERSON,P
08361,Life Assurance,Life Assurance,3,PERSON,P
08362,Life Assurance,Life Assurance,3,PERSON,P
08365,Life Assurance,Life Assurance,3,PERSON,P
08366,Life Assurance,Life Assurance,3,PERSON,P
08369,Life Assurance,Life Assurance,3,PERSON,P
08371,Life Assurance,Life Assurance,3,PERSON,P
08372,Life Assurance,Life Assurance,3,PERSON,P
08373,Life Assurance,Life Assurance,3,PERSON,P
08380,Life Assurance,Life Assurance,3,PERSON,P
08388,Life Assurance,Life Assurance,3,PERSON,P
08389,Life Assurance,Life Assurance,3,PERSON,P
08391,Life Assurance,Life Assurance,3,PERSON,P
08392,Life Assurance,Life Assurance,3,PERSON,P
08393,Life Assurance,Life Assurance,3,PERSON,P
08407,Life Assurance,Life Assurance,3,PERSON,P
08411,Life Assurance,Life Assurance,3,PERSON,P
08412,Life Assurance,Life Assurance,3,PERSON,P
08423,Life Assurance,Life Assurance,3,PERSON,P
08428,Life Assurance,Life Assurance,3,PERSON,P
08433,Life Assurance,Life Assurance,3,PERSON,P
08436,Life Assurance,Life Assurance,3,PERSON,P
08438,Life Assurance,Life Assurance,3,PERSON,P
08442,Life Assurance,Life Assurance,3,PERSON,P
08452,Life Assurance,Life Assurance,3,PERSON,P
08455,Life Assurance,Life Assurance,3,PERSON,P
08462,Life Assurance,Life Assurance,3,PERSON,P
08469,Life Assurance,Life Assurance,3,PERSON,P
08471,Life Assurance,Life Assurance,3,PERSON,P
08472,Life Assurance,Life Assurance,3,PERSON,P
08473,Life Assurance,Life Assurance,3,PERSON,P
08476,Life Assurance,Life Assurance,3,PERSON,P
08478,Life Assurance,Life Assurance,3,PERSON,P
08479,Life Assurance,Life Assurance,3,PERSON,P
08480,Life Assurance,Life Assurance,3,PERSON,P
08482,Life Assurance,Life Assurance,3,PERSON,P
08485,Life Assurance,Life Assurance,3,PERSON,P
08490,Life Assurance,Life Assurance,3,PERSON,P
08492,Life Assurance,Life Assurance,3,PERSON,P
08495,Life Assurance,Life Assurance,3,PERSON,P
08502,Life Assurance,Life Assurance,3,PERSON,P
08504,Life Assurance,Life Assurance,3,PERSON,P
08507,Life Assurance,Life Assurance,3,PERSON,P
08508,Life Assurance,Life Assurance,3,PERSON,P
08510,Life Assurance,Life Assurance,3,PERSON,P
08513,Life Assurance,Life Assurance,3,PERSON,P
08514,Life Assurance,Life Assurance,3,PERSON,P
08516,Life Assurance,Life Assurance,3,PERSON,P
08519,Life Assurance,Life Assurance,3,PERSON,P
08522,Life Assurance,Life Assurance,3,PERSON,P
08524,Life Assurance,Life Assurance,3,PERSON,P
08527,Life Assurance,Life Assurance,3,PERSON,P
08528,Life Assurance,Life Assurance,3,PERSON,P
08529,Life Assurance,Life Assurance,3,PERSON,P
08532,Life Assurance,Life Assurance,3,PERSON,P
08534,Life Assurance,Life Assurance,3,PERSON,P
08535,Life Assurance,Life Assurance,3,PERSON,P
08537,Life Assurance,Life Assurance,3,PERSON,P
08543,Life Assurance,Life Assurance,3,PERSON,P
08545,Life Assurance,Life Assurance,3,PERSON,P
08546,Life Assurance,Life Assurance,3,PERSON,P
08547,Life Assurance,Life Assurance,3,PERSON,P
08549,Life Assurance,Life Assurance,3,PERSON,P
08551,Life Assurance,Life Assurance,3,PERSON,P
08555,Life Assurance,Life Assurance,3,PERSON,P
08558,Life Assurance,Life Assurance,3,PERSON,P
08562,Life Assurance,Life Assurance,3,PERSON,P
08567,Life Assurance,Life Assurance,3,PERSON,P
08570,Life Assurance,Life Assurance,3,PERSON,P
08573,Life Assurance,Life Assurance,3,PERSON,P
08580,Life Assurance,Life Assurance,3,PERSON,P
08581,Life Assurance,Life Assurance,3,PERSON,P
08582,Life Assurance,Life Assurance,3,PERSON,P
08583,Life Assurance,Life Assurance,3,PERSON,P
08584,Life Assurance,Life Assurance,3,PERSON,P
08585,Life Assurance,Life Assurance,3,PERSON,P
08586,Life Assurance,Life Assurance,3,PERSON,P
08588,Life Assurance,Life Assurance,3,PERSON,P
08589,Life Assurance,Life Assurance,3,PERSON,P
08598,Life Assurance,Life Assurance,3,PERSON,P
08602,Life Assurance,Life Assurance,3,PERSON,P
08611,Life Assurance,Life Assurance,3,PERSON,P
08612,Life Assurance,Life Assurance,3,PERSON,P
08613,Life Assurance,Life Assurance,3,PERSON,P
08615,Life Assurance,Life Assurance,3,PERSON,P
08620,Life Assurance,Life Assurance,3,PERSON,P
08621,Life Assurance,Life Assurance,3,PERSON,P
08622,Life Assurance,Life Assurance,3,PERSON,P
08623,Life Assurance,Life Assurance,3,PERSON,P
08626,Life Assurance,Life Assurance,3,PERSON,P
08629,Life Assurance,Life Assurance,3,PERSON,P
08630,Life Assurance,Life Assurance,3,PERSON,P
08631,Life Assurance,Life Assurance,3,PERSON,P
08632,Life Assurance,Life Assurance,3,PERSON,P
08633,Life Assurance,Life Assurance,3,PERSON,P
08634,Life Assurance,Life Assurance,3,PERSON,P
08637,Life Assurance,Life Assurance,3,PERSON,P
08639,Life Assurance,Life Assurance,3,PERSON,P
08640,Life Assurance,Life Assurance,3,PERSON,P
08642,Life Assurance,Life Assurance,3,PERSON,P
08645,Life Assurance,Life Assurance,3,PERSON,P
08654,Life Assurance,Life Assurance,3,PERSON,P
08660,Life Assurance,Life Assurance,3,PERSON,P
08670,Life Assurance,Life Assurance,3,PERSON,P
08671,Life Assurance,Life Assurance,3,PERSON,P
08676,Life Assurance,Life Assurance,3,PERSON,P
08682,Life Assurance,Life Assurance,3,PERSON,P
08683,Life Assurance,Life Assurance,3,PERSON,P
08684,Life Assurance,Life Assurance,3,PERSON,P
08685,Life Assurance,Life Assurance,3,PERSON,P
08686,Life Assurance,Life Assurance,3,PERSON,P
08691,Life Assurance,Life Assurance,3,PERSON,P
08692,Life Assurance,Life Assurance,3,PERSON,P
08694,Life Assurance,Life Assurance,3,PERSON,P
08695,Life Assurance,Life Assurance,3,PERSON,P
08702,Life Assurance,Life Assurance,3,PERSON,P
08706,Life Assurance,Life Assurance,3,PERSON,P
08708,Life Assurance,Life Assurance,3,PERSON,P
08715,Life Assurance,Life Assurance,3,PERSON,P
08717,Life Assurance,Life Assurance,3,PERSON,P
08718,Life Assurance,Life Assurance,3,PERSON,P
08727,Life Assurance,Life Assurance,3,PERSON,P
08730,Life Assurance,Life Assurance,3,PERSON,P
08737,Life Assurance,Life Assurance,3,PERSON,P
08738,Life Assurance,Life Assurance,3,PERSON,P
08740,Life Assurance,Life Assurance,3,PERSON,P
08742,Life Assurance,Life Assurance,3,PERSON,P
08743,Life Assurance,Life Assurance,3,PERSON,P
08745,Life Assurance,Life Assurance,3,PERSON,P
08748,Life Assurance,Life Assurance,3,PERSON,P
08749,Life Assurance,Life Assurance,3,PERSON,P
08751,Life Assurance,Life Assurance,3,PERSON,P
08752,Life Assurance,Life Assurance,3,PERSON,P
08755,Life Assurance,Life Assurance,3,PERSON,P
08764,Life Assurance,Life Assurance,3,PERSON,P
08766,Life Assurance,Life Assurance,3,PERSON,P
08769,Life Assurance,Life Assurance,3,PERSON,P
08771,Life Assurance,Life Assurance,3,PERSON,P
08774,Life Assurance,Life Assurance,3,PERSON,P
08775,Life Assurance,Life Assurance,3,PERSON,P
08776,Life Assurance,Life Assurance,3,PERSON,P
08778,Life Assurance,Life Assurance,3,PERSON,P
08783,Life Assurance,Life Assurance,3,PERSON,P
08784,Life Assurance,Life Assurance,3,PERSON,P
08785,Life Assurance,Life Assurance,3,PERSON,P
08788,Life Assurance,Life Assurance,3,PERSON,P
08791,Life Assurance,Life Assurance,3,PERSON,P
08792,Life Assurance,Life Assurance,3,PERSON,P
08794,Life Assurance,Life Assurance,3,PERSON,P
08795,Life Assurance,Life Assurance,3,PERSON,P
08796,Life Assurance,Life Assurance,3,PERSON,P
08807,Life Assurance,Life Assurance,3,PERSON,P
08809,Life Assurance,Life Assurance,3,PERSON,P
08811,Life Assurance,Life Assurance,3,PERSON,P
08815,Life Assurance,Life Assurance,3,PERSON,P
08824,Life Assurance,Life Assurance,3,PERSON,P
08825,Life Assurance,Life Assurance,3,PERSON,P
08828,Life Assurance,Life Assurance,3,PERSON,P
08830,Life Assurance,Life Assurance,3,PERSON,P
08831,Life Assurance,Life Assurance,3,PERSON,P
08834,Life Assurance,Life Assurance,3,PERSON,P
08836,Life Assurance,Life Assurance,3,PERSON,P
08837,Life Assurance,Life Assurance,3,PERSON,P
08838,Life Assurance,Life Assurance,3,PERSON,P
08839,Life Assurance,Life Assurance,3,PERSON,P
08840,Life Assurance,Life Assurance,3,PERSON,P
08841,Life Assurance,Life Assurance,3,PERSON,P
08850,Life Assurance,Life Assurance,3,PERSON,P
08851,Life Assurance,Life Assurance,3,PERSON,P
08852,Life Assurance,Life Assurance,3,PERSON,P
08855,Life Assurance,Life Assurance,3,PERSON,P
08858,Life Assurance,Life Assurance,3,PERSON,P
08860,Life Assurance,Life Assurance,3,PERSON,P
08861,Life Assurance,Life Assurance,3,PERSON,P
08862,Life Assurance,Life Assurance,3,PERSON,P
08864,Life Assurance,Life Assurance,3,PERSON,P
08866,Life Assurance,Life Assurance,3,PERSON,P
08867,Life Assurance,Life Assurance,3,PERSON,P
08868,Life Assurance,Life Assurance,3,PERSON,P
08873,Life Assurance,Life Assurance,3,PERSON,P
08876,Life Assurance,Life Assurance,3,PERSON,P
08878,Life Assurance,Life Assurance,3,PERSON,P
08881,Life Assurance,Life Assurance,3,PERSON,P
08894,Life Assurance,Life Assurance,3,PERSON,P
08895,Life Assurance,Life Assurance,3,PERSON,P
08896,Life Assurance,Life Assurance,3,PERSON,P
08898,Life Assurance,Life Assurance,3,PERSON,P
08900,Life Assurance,Life Assurance,3,PERSON,P
08901,Life Assurance,Life Assurance,3,PERSON,P
08905,Life Assurance,Life Assurance,3,PERSON,P
08914,Life Assurance,Life Assurance,3,PERSON,P
08915,Life Assurance,Life Assurance,3,PERSON,P
08916,Life Assurance,Life Assurance,3,PERSON,P
08919,Life Assurance,Life Assurance,3,PERSON,P
08920,Life Assurance,Life Assurance,3,PERSON,P
08925,Life Assurance,Life Assurance,3,PERSON,P
08926,Life Assurance,Life Assurance,3,PERSON,P
08928,Life Assurance,Life Assurance,3,PERSON,P
08930,Life Assurance,Life Assurance,3,PERSON,P
08931,Life Assurance,Life Assurance,3,PERSON,P
08935,Life Assurance,Life Assurance,3,PERSON,P
08936,Life Assurance,Life Assurance,3,PERSON,P
08937,Life Assurance,Life Assurance,3,PERSON,P
08938,Life Assurance,Life Assurance,3,PERSON,P
08939,Life Assurance,Life Assurance,3,PERSON,P
08941,Life Assurance,Life Assurance,3,PERSON,P
08943,Life Assurance,Life Assurance,3,PERSON,P
08944,Life Assurance,Life Assurance,3,PERSON,P
08946,Life Assurance,Life Assurance,3,PERSON,P
08948,Life Assurance,Life Assurance,3,PERSON,P
08950,Life Assurance,Life Assurance,3,PERSON,P
08951,Life Assurance,Life Assurance,3,PERSON,P
08954,Life Assurance,Life Assurance,3,PERSON,P
08959,Life Assurance,Life Assurance,3,PERSON,P
08960,Life Assurance,Life Assurance,3,PERSON,P
08964,Life Assurance,Life Assurance,3,PERSON,P
08969,Life Assurance,Life Assurance,3,PERSON,P
08970,Life Assurance,Life Assurance,3,PERSON,P
08972,Life Assurance,Life Assurance,3,PERSON,P
08973,Life Assurance,Life Assurance,3,PERSON,P
08978,Life Assurance,Life Assurance,3,PERSON,P
08981,Life Assurance,Life Assurance,3,PERSON,P
08982,Life Assurance,Life Assurance,3,PERSON,P
08983,Life Assurance,Life Assurance,3,PERSON,P
08985,Life Assurance,Life Assurance,3,PERSON,P
08988,Life Assurance,Life Assurance,3,PERSON,P
08989,Life Assurance,Life Assurance,3,PERSON,P
08990,Life Assurance,Life Assurance,3,PERSON,P
08991,Life Assurance,Life Assurance,3,PERSON,P
08998,Life Assurance,Life Assurance,3,PERSON,P
09002,Life Assurance,Life Assurance,3,PERSON,P
09003,Life Assurance,Life Assurance,3,PERSON,P
09004,Life Assurance,Life Assurance,3,PERSON,P
09007,Life Assurance,Life Assurance,3,PERSON,P
09008,Life Assurance,Life Assurance,3,PERSON,P
09009,Life Assurance,Life Assurance,3,PERSON,P
09012,Life Assurance,Life Assurance,3,PERSON,P
09014,Life Assurance,Life Assurance,3,PERSON,P
09015,Life Assurance,Life Assurance,3,PERSON,P
09016,Life Assurance,Life Assurance,3,PERSON,P
09022,Life Assurance,Life Assurance,3,PERSON,P
09023,Life Assurance,Life Assurance,3,PERSON,P
09024,Life Assurance,Life Assurance,3,PERSON,P
09025,Life Assurance,Life Assurance,3,PERSON,P
09034,Life Assurance,Life Assurance,3,PERSON,P
09036,Life Assurance,Life Assurance,3,PERSON,P
09037,Life Assurance,Life Assurance,3,PERSON,P
09040,Life Assurance,Life Assurance,3,PERSON,P
09041,Life Assurance,Life Assurance,3,PERSON,P
09042,Life Assurance,Life Assurance,3,PERSON,P
09043,Life Assurance,Life Assurance,3,PERSON,P
09044,Life Assurance,Life Assurance,3,PERSON,P
09046,Life Assurance,Life Assurance,3,PERSON,P
09047,Life Assurance,Life Assurance,3,PERSON,P
09052,Life Assurance,Life Assurance,3,PERSON,P
09053,Life Assurance,Life Assurance,3,PERSON,P
09054,Life Assurance,Life Assurance,3,PERSON,P
09056,Life Assurance,Life Assurance,3,PERSON,P
09057,Life Assurance,Life Assurance,3,PERSON,P
09058,Life Assurance,Life Assurance,3,PERSON,P
09072,Life Assurance,Life Assurance,3,PERSON,P
09074,Life Assurance,Life Assurance,3,PERSON,P
09079,Life Assurance,Life Assurance,3,PERSON,P
09082,Life Assurance,Life Assurance,3,PERSON,P
09087,Life Assurance,Life Assurance,3,PERSON,P
09089,Life Assurance,Life Assurance,3,PERSON,P
09091,Life Assurance,Life Assurance,3,PERSON,P
09092,Life Assurance,Life Assurance,3,PERSON,P
09093,Life Assurance,Life Assurance,3,PERSON,P
09097,Life Assurance,Life Assurance,3,PERSON,P
09102,Life Assurance,Life Assurance,3,PERSON,P
09105,Life Assurance,Life Assurance,3,PERSON,P
09107,Life Assurance,Life Assurance,3,PERSON,P
09111,Life Assurance,Life Assurance,3,PERSON,P
09113,Life Assurance,Life Assurance,3,PERSON,P
09114,Life Assurance,Life Assurance,3,PERSON,P
09117,Life Assurance,Life Assurance,3,PERSON,P
09119,Life Assurance,Life Assurance,3,PERSON,P
09121,Life Assurance,Life Assurance,3,PERSON,P
09122,Life Assurance,Life Assurance,3,PERSON,P
09126,Life Assurance,Life Assurance,3,PERSON,P
09129,Life Assurance,Life Assurance,3,PERSON,P
09130,Life Assurance,Life Assurance,3,PERSON,P
09131,Life Assurance,Life Assurance,3,PERSON,P
09132,Life Assurance,Life Assurance,3,PERSON,P
09135,Life Assurance,Life Assurance,3,PERSON,P
09136,Life Assurance,Life Assurance,3,PERSON,P
09137,Life Assurance,Life Assurance,3,PERSON,P
09138,Life Assurance,Life Assurance,3,PERSON,P
09140,Life Assurance,Life Assurance,3,PERSON,P
09142,Life Assurance,Life Assurance,3,PERSON,P
09143,Life Assurance,Life Assurance,3,PERSON,P
09144,Life Assurance,Life Assurance,3,PERSON,P
09145,Life Assurance,Life Assurance,3,PERSON,P
09147,Life Assurance,Life Assurance,3,PERSON,P
09148,Life Assurance,Life Assurance,3,PERSON,P
09150,Life Assurance,Life Assurance,3,PERSON,P
09151,Life Assurance,Life Assurance,3,PERSON,P
09155,Life Assurance,Life Assurance,3,PERSON,P
09157,Life Assurance,Life Assurance,3,PERSON,P
09158,Life Assurance,Life Assurance,3,PERSON,P
09159,Life Assurance,Life Assurance,3,PERSON,P
09162,Life Assurance,Life Assurance,3,PERSON,P
09164,Life Assurance,Life Assurance,3,PERSON,P
09166,Life Assurance,Life Assurance,3,PERSON,P
09167,Life Assurance,Life Assurance,3,PERSON,P
09168,Life Assurance,Life Assurance,3,PERSON,P
09169,Life Assurance,Life Assurance,3,PERSON,P
09170,Life Assurance,Life Assurance,3,PERSON,P
09171,Life Assurance,Life Assurance,3,PERSON,P
09172,Life Assurance,Life Assurance,3,PERSON,P
09173,Life Assurance,Life Assurance,3,PERSON,P
09174,Life Assurance,Life Assurance,3,PERSON,P
09176,Life Assurance,Life Assurance,3,PERSON,P
09179,Life Assurance,Life Assurance,3,PERSON,P
09180,Life Assurance,Life Assurance,3,PERSON,P
09184,Life Assurance,Life Assurance,3,PERSON,P
09188,Life Assurance,Life Assurance,3,PERSON,P
09189,Life Assurance,Life Assurance,3,PERSON,P
09190,Life Assurance,Life Assurance,3,PERSON,P
09192,Life Assurance,Life Assurance,3,PERSON,P
09193,Life Assurance,Life Assurance,3,PERSON,P
09197,Life Assurance,Life Assurance,3,PERSON,P
09199,Life Assurance,Life Assurance,3,PERSON,P
09201,Life Assurance,Life Assurance,3,PERSON,P
09202,Life Assurance,Life Assurance,3,PERSON,P
09204,Life Assurance,Life Assurance,3,PERSON,P
09205,Life Assurance,Life Assurance,3,PERSON,P
09206,Life Assurance,Life Assurance,3,PERSON,P
09207,Life Assurance,Life Assurance,3,PERSON,P
09211,Life Assurance,Life Assurance,3,PERSON,P
09215,Life Assurance,Life Assurance,3,PERSON,P
09217,Life Assurance,Life Assurance,3,PERSON,P
09218,Life Assurance,Life Assurance,3,PERSON,P
09219,Life Assurance,Life Assurance,3,PERSON,P
09220,Life Assurance,Life Assurance,3,PERSON,P
09221,Life Assurance,Life Assurance,3,PERSON,P
09222,Life Assurance,Life Assurance,3,PERSON,P
09223,Life Assurance,Life Assurance,3,PERSON,P
09224,Life Assurance,Life Assurance,3,PERSON,P
09225,Life Assurance,Life Assurance,3,PERSON,P
09227,Life Assurance,Life Assurance,3,PERSON,P
09228,Life Assurance,Life Assurance,3,PERSON,P
09229,Life Assurance,Life Assurance,3,PERSON,P
09230,Life Assurance,Life Assurance,3,PERSON,P
09233,Life Assurance,Life Assurance,3,PERSON,P
09234,Life Assurance,Life Assurance,3,PERSON,P
09237,Life Assurance,Life Assurance,3,PERSON,P
09238,Life Assurance,Life Assurance,3,PERSON,P
09241,Life Assurance,Life Assurance,3,PERSON,P
09242,Life Assurance,Life Assurance,3,PERSON,P
09246,Life Assurance,Life Assurance,3,PERSON,P
09247,Life Assurance,Life Assurance,3,PERSON,P
09249,Life Assurance,Life Assurance,3,PERSON,P
09250,Life Assurance,Life Assurance,3,PERSON,P
09251,Life Assurance,Life Assurance,3,PERSON,P
09252,Life Assurance,Life Assurance,3,PERSON,P
09253,Life Assurance,Life Assurance,3,PERSON,P
09254,Life Assurance,Life Assurance,3,PERSON,P
09255,Life Assurance,Life Assurance,3,PERSON,P
09260,Life Assurance,Life Assurance,3,PERSON,P
09261,Life Assurance,Life Assurance,3,PERSON,P
09262,Life Assurance,Life Assurance,3,PERSON,P
09264,Life Assurance,Life Assurance,3,PERSON,P
09265,Life Assurance,Life Assurance,3,PERSON,P
09266,Life Assurance,Life Assurance,3,PERSON,P
09267,Life Assurance,Life Assurance,3,PERSON,P
09269,Life Assurance,Life Assurance,3,PERSON,P
09270,Life Assurance,Life Assurance,3,PERSON,P
09271,Life Assurance,Life Assurance,3,PERSON,P
09272,Life Assurance,Life Assurance,3,PERSON,P
09273,Life Assurance,Life Assurance,3,PERSON,P
09276,Life Assurance,Life Assurance,3,PERSON,P
09279,Life Assurance,Life Assurance,3,PERSON,P
09281,Life Assurance,Life Assurance,3,PERSON,P
09282,Life Assurance,Life Assurance,3,PERSON,P
09285,Life Assurance,Life Assurance,3,PERSON,P
09286,Life Assurance,Life Assurance,3,PERSON,P
09287,Life Assurance,Life Assurance,3,PERSON,P
09289,Life Assurance,Life Assurance,3,PERSON,P
09293,Life Assurance,Life Assurance,3,PERSON,P
09295,Life Assurance,Life Assurance,3,PERSON,P
09297,Life Assurance,Life Assurance,3,PERSON,P
09298,Life Assurance,Life Assurance,3,PERSON,P
09299,Life Assurance,Life Assurance,3,PERSON,P
09301,Life Assurance,Life Assurance,3,PERSON,P
09303,Life Assurance,Life Assurance,3,PERSON,P
09308,Life Assurance,Life Assurance,3,PERSON,P
09310,Life Assurance,Life Assurance,3,PERSON,P
09311,Life Assurance,Life Assurance,3,PERSON,P
09312,Life Assurance,Life Assurance,3,PERSON,P
09314,Life Assurance,Life Assurance,3,PERSON,P
09315,Life Assurance,Life Assurance,3,PERSON,P
09317,Life Assurance,Life Assurance,3,PERSON,P
09318,Life Assurance,Life Assurance,3,PERSON,P
09319,Life Assurance,Life Assurance,3,PERSON,P
09320,Life Assurance,Life Assurance,3,PERSON,P
09323,Life Assurance,Life Assurance,3,PERSON,P
09326,Life Assurance,Life Assurance,3,PERSON,P
09328,Life Assurance,Life Assurance,3,PERSON,P
09329,Life Assurance,Life Assurance,3,PERSON,P
09330,Life Assurance,Life Assurance,3,PERSON,P
09332,Life Assurance,Life Assurance,3,PERSON,P
09333,Life Assurance,Life Assurance,3,PERSON,P
09334,Life Assurance,Life Assurance,3,PERSON,P
09335,Life Assurance,Life Assurance,3,PERSON,P
09337,Life Assurance,Life Assurance,3,PERSON,P
09343,Life Assurance,Life Assurance,3,PERSON,P
09345,Life Assurance,Life Assurance,3,PERSON,P
09348,Life Assurance,Life Assurance,3,PERSON,P
09352,Life Assurance,Life Assurance,3,PERSON,P
09353,Life Assurance,Life Assurance,3,PERSON,P
09354,Life Assurance,Life Assurance,3,PERSON,P
09356,Life Assurance,Life Assurance,3,PERSON,P
09358,Life Assurance,Life Assurance,3,PERSON,P
09359,Life Assurance,Life Assurance,3,PERSON,P
09362,Life Assurance,Life Assurance,3,PERSON,P
09363,Life Assurance,Life Assurance,3,PERSON,P
09364,Life Assurance,Life Assurance,3,PERSON,P
09366,Life Assurance,Life Assurance,3,PERSON,P
09367,Life Assurance,Life Assurance,3,PERSON,P
09368,Life Assurance,Life Assurance,3,PERSON,P
09369,Life Assurance,Life Assurance,3,PERSON,P
09372,Life Assurance,Life Assurance,3,PERSON,P
09373,Life Assurance,Life Assurance,3,PERSON,P
09374,Life Assurance,Life Assurance,3,PERSON,P
09375,Life Assurance,Life Assurance,3,PERSON,P
09376,Life Assurance,Life Assurance,3,PERSON,P
09377,Life Assurance,Life Assurance,3,PERSON,P
09378,Life Assurance,Life Assurance,3,PERSON,P
09379,Life Assurance,Life Assurance,3,PERSON,P
09380,Life Assurance,Life Assurance,3,PERSON,P
09382,Life Assurance,Life Assurance,3,PERSON,P
09383,Life Assurance,Life Assurance,3,PERSON,P
09384,Life Assurance,Life Assurance,3,PERSON,P
09386,Life Assurance,Life Assurance,3,PERSON,P
09387,Life Assurance,Life Assurance,3,PERSON,P
09389,Life Assurance,Life Assurance,3,PERSON,P
09390,Life Assurance,Life Assurance,3,PERSON,P
09391,Life Assurance,Life Assurance,3,PERSON,P
09392,Life Assurance,Life Assurance,3,PERSON,P
9388,Life Assurance,Life Assurance,3,PERSON,P
